order_id,user_id,product_name,category,order_date,ship_date,unit_price,quantity,discount,review_score
1,133,Action Figure,Toys,2023-01-16 23:47:56,2023-01-22 23:47:56,952.55,1,1,2
2,117,Car Freshener,Automotive,2023-01-01 15:35:45,2023-01-05 15:35:45,301.53,5,1,4
3,146,Smartwatch,Electronics,2023-01-22 16:40:33,2023-01-29 16:40:33,441.77,2,7,4
4,110,Dress,Clothing,2023-01-22 02:21:11,,213.72,5,7,2
5,104,Car Freshener,Automotive,2023-01-16 11:40:34,,652.67,1,4,3
6,115,Ulysses,Books,2023-01-11 12:51:55,2023-01-12 12:51:55,923.1,1,2,4
7,118,Football,Sports,2023-01-21 21:16:36,,755.21,2,1,4
8,104,Swimsuit,Sports,2023-01-31 19:10:44,2023-02-06 19:10:44,936.47,5,7,4
9,129,Jeans,Clothing,2023-01-20 00:42:16,2023-01-27 00:42:16,899.54,2,17,3
10,146,Ulysses,Books,2023-01-07 10:42:18,2023-01-08 10:42:18,548.59,3,4,4
11,122,Frankenstein,Books,2023-01-22 02:28:16,2023-01-24 02:28:16,881.51,2,6,2
12,130,Jeans,Clothing,2023-01-06 20:49:08,2023-01-12 20:49:08,957.99,1,18,3
13,126,Chair,Home,2023-01-20 08:49:24,2023-01-24 08:49:24,943.41,2,19,3
14,137,Headphones,Electronics,2023-01-01 04:11:57,2023-01-08 04:11:57,260.0,1,1,3
15,127,Dracula,Books,2023-01-04 05:31:30,2023-01-11 05:31:30,891.65,4,19,1
16,131,Table,Home,2023-01-17 23:04:37,2023-01-22 23:04:37,912.93,2,18,5
17,108,Puzzle,Toys,2023-01-30 02:43:15,2023-02-03 02:43:15,206.31,1,19,2
18,127,Football,Sports,2023-01-10 05:24:30,2023-01-11 05:24:30,991.92,3,3,3
19,101,Seat Cover,Automotive,2023-01-18 08:28:39,,13.42,3,14,5
20,140,Lego,Toys,2023-01-17 16:42:00,2023-01-18 16:42:00,503.08,3,7,2
21,131,Tablet,Electronics,2023-01-05 05:12:24,2023-01-11 05:12:24,742.23,2,20,3
22,121,Chair,Home,2023-01-14 17:07:28,2023-01-17 17:07:28,607.46,2,4,5
23,141,Tablet,Electronics,2023-01-18 18:11:09,2023-01-23 18:11:09,956.28,2,12,3
24,137,Running Shoes,Sports,2023-01-30 05:28:11,2023-02-03 05:28:11,371.37,3,16,2
25,100,Lego,Toys,2023-01-09 18:38:08,2023-01-10 18:38:08,445.82,5,15,2
26,113,Sofa,Home,2023-01-20 21:40:42,2023-01-23 21:40:42,817.94,1,18,4
27,102,Shoes,Clothing,2023-01-25 03:48:33,2023-01-29 03:48:33,701.3,1,3,4
28,146,Dune,Books,2023-01-05 05:49:24,2023-01-06 05:49:24,291.85,2,11,1
29,120,T-shirt,Clothing,2023-01-20 07:04:00,2023-01-23 07:04:00,284.37,1,6,3
30,140,Frankenstein,Books,2023-01-10 11:30:02,2023-01-13 11:30:02,431.9,2,19,2
31,116,Nail polish,Beauty,2023-01-21 02:03:12,2023-01-28 02:03:12,816.97,3,12,1
32,135,Board Game,Toys,2023-01-20 03:26:42,2023-01-25 03:26:42,159.37,1,5,2
33,124,Perfume,Beauty,2023-01-22 23:57:42,,451.63,5,18,2
34,129,Ulysses,Books,2023-01-05 22:34:37,2023-01-06 22:34:37,330.06,5,3,1
35,126,Dune,Books,2023-01-31 03:40:37,2023-02-05 03:40:37,123.24,2,5,5
36,142,Doll,Toys,2023-01-16 18:48:38,,222.62,2,10,5
37,143,Blender,Home,2023-01-17 11:09:03,2023-01-24 11:09:03,970.99,1,13,2
38,150,Football,Sports,2023-01-10 21:16:30,2023-01-17 21:16:30,754.5,2,15,1
39,109,Headphones,Electronics,2023-01-23 05:41:07,2023-01-25 05:41:07,176.28,3,8,3
40,123,Tennis Racket,Sports,2023-01-08 17:43:07,2023-01-13 17:43:07,68.49,4,8,1
41,132,Laptop,Electronics,2023-01-30 16:24:53,2023-02-01 16:24:53,572.35,2,18,4
42,117,Wax,Automotive,2023-01-25 11:25:57,2023-01-31 11:25:57,362.56,2,4,4
43,142,Action Figure,Toys,2023-01-18 08:05:53,2023-01-24 08:05:53,353.49,3,10,1
44,135,Smartphone,Electronics,2023-01-22 15:14:19,2023-01-24 15:14:19,186.87,5,14,4
45,117,Blender,Home,2023-01-20 17:58:41,2023-01-24 17:58:41,903.92,3,8,4
46,146,Blender,Home,2023-01-10 14:13:21,2023-01-17 14:13:21,769.53,3,9,2
47,125,Smartphone,Electronics,2023-01-17 06:12:14,,140.82,4,9,1
48,120,Board Game,Toys,2023-01-27 23:48:30,2023-01-29 23:48:30,816.59,3,0,1
49,138,Lego,Toys,2023-01-07 07:29:25,2023-01-14 07:29:25,893.91,5,8,2
50,148,Car Freshener,Automotive,2023-01-02 01:02:56,2023-01-09 01:02:56,196.55,4,17,5
51,135,Dress,Clothing,2023-01-24 07:07:53,2023-01-29 07:07:53,421.46,5,15,2
52,120,Headphones,Electronics,2023-01-11 06:35:53,2023-01-18 06:35:53,738.28,4,12,4
53,139,Eyeliner,Beauty,2023-01-09 07:34:51,2023-01-14 07:34:51,364.59,5,19,5
54,102,Jacket,Clothing,2023-01-23 15:39:28,2023-01-25 15:39:28,876.9,5,17,3
55,110,Board Game,Toys,2023-01-13 05:36:10,2023-01-15 05:36:10,336.1,2,4,1
56,119,Sofa,Home,2023-01-05 20:33:31,2023-01-07 20:33:31,764.66,3,2,3
57,120,Table,Home,2023-01-05 12:15:39,2023-01-06 12:15:39,514.34,5,13,3
58,109,Car Freshener,Automotive,2023-01-25 10:22:29,2023-01-28 10:22:29,807.49,2,2,3
59,134,Jeans,Clothing,2023-01-25 18:20:12,2023-01-31 18:20:12,236.3,3,20,3
60,136,Tennis Racket,Sports,2023-01-17 12:06:25,2023-01-21 12:06:25,185.48,3,0,4
61,100,Smartphone,Electronics,2023-01-11 00:47:39,2023-01-14 00:47:39,747.04,2,19,3
62,108,Wheel Cleaner,Automotive,2023-01-12 19:55:19,2023-01-13 19:55:19,428.49,5,12,2
63,142,Headphones,Electronics,2023-01-14 09:57:19,2023-01-21 09:57:19,327.9,2,17,1
64,144,Tablet,Electronics,2023-01-04 12:35:56,2023-01-09 12:35:56,963.82,4,1,1
65,146,Smartphone,Electronics,2023-01-13 12:45:50,2023-01-15 12:45:50,613.05,1,6,1
66,139,Wheel Cleaner,Automotive,2023-01-26 09:49:07,,570.27,5,3,1
67,104,Frankenstein,Books,2023-01-06 10:51:58,2023-01-08 10:51:58,518.07,2,4,1
68,136,Swimsuit,Sports,2023-01-01 16:11:25,2023-01-08 16:11:25,639.12,5,14,5
69,109,Dress,Clothing,2023-01-19 10:51:40,2023-01-21 10:51:40,318.95,4,18,2
70,128,Puzzle,Toys,2023-01-14 00:13:43,2023-01-21 00:13:43,700.2,5,3,2
71,123,Dune,Books,2023-01-07 01:36:33,2023-01-10 01:36:33,659.63,2,17,5
72,112,Puzzle,Toys,2023-01-01 05:10:18,2023-01-03 05:10:18,766.78,4,18,1
73,123,Beloved,Books,2023-01-17 15:03:23,2023-01-23 15:03:23,14.2,2,6,2
74,123,Smartwatch,Electronics,2023-01-15 06:39:24,2023-01-16 06:39:24,669.97,5,1,1
75,121,Doll,Toys,2023-01-14 00:31:56,2023-01-20 00:31:56,137.29,5,17,3
76,101,Board Game,Toys,2023-01-22 02:49:14,2023-01-23 02:49:14,140.35,2,12,4
77,147,Car Freshener,Automotive,2023-01-25 00:56:22,,713.4,5,19,3
78,116,Ulysses,Books,2023-01-26 21:48:54,2023-02-02 21:48:54,308.28,2,11,3
79,130,Laptop,Electronics,2023-01-05 14:10:18,,496.26,3,9,4
80,123,Board Game,Toys,2023-01-28 07:56:16,2023-01-30 07:56:16,416.7,2,20,1
81,109,Jacket,Clothing,2023-01-22 22:14:25,2023-01-27 22:14:25,942.02,1,10,3
82,142,Ulysses,Books,2023-01-07 16:46:30,2023-01-14 16:46:30,858.26,3,4,1
83,141,Smartwatch,Electronics,2023-01-27 08:55:37,2023-01-31 08:55:37,115.01,5,20,3
84,131,Foundation,Beauty,2023-01-02 22:54:36,,746.45,5,16,2
85,110,Football,Sports,2023-01-28 09:37:48,2023-01-29 09:37:48,649.05,4,12,2
86,150,Dracula,Books,2023-01-11 17:49:59,2023-01-12 17:49:59,775.54,3,11,2
87,132,Smartwatch,Electronics,2023-01-27 00:14:27,2023-01-30 00:14:27,901.63,4,19,1
88,125,Football,Sports,2023-01-18 14:02:54,2023-01-25 14:02:54,809.1,5,19,4
89,141,Tablet,Electronics,2023-01-01 16:30:40,2023-01-04 16:30:40,119.47,5,13,2
90,104,Running Shoes,Sports,2023-01-16 01:03:22,2023-01-17 01:03:22,270.11,3,14,1
91,105,Car Freshener,Automotive,2023-01-15 08:55:17,2023-01-21 08:55:17,966.51,3,19,4
92,122,Shoes,Clothing,2023-01-25 13:20:47,2023-02-01 13:20:47,223.72,3,9,1
93,133,Frankenstein,Books,2023-01-02 10:20:09,2023-01-05 10:20:09,282.43,2,5,4
94,106,Jacket,Clothing,2023-01-22 05:03:27,2023-01-25 05:03:27,66.16,2,14,4
95,121,Beloved,Books,2023-01-18 17:28:49,2023-01-23 17:28:49,293.26,1,19,5
96,142,Lamp,Home,2023-01-14 03:31:49,2023-01-16 03:31:49,971.52,1,7,4
97,107,Wheel Cleaner,Automotive,2023-01-03 03:44:08,2023-01-08 03:44:08,950.8,5,16,3
98,104,Lipstick,Beauty,2023-01-24 04:49:15,2023-01-29 04:49:15,599.24,1,13,1
99,101,Headphones,Electronics,2023-01-14 15:54:55,2023-01-19 15:54:55,621.25,5,18,5
100,138,Lego,Toys,2023-01-14 09:54:07,2023-01-18 09:54:07,245.45,1,0,2
101,136,Action Figure,Toys,2023-01-23 02:31:05,,56.35,1,14,3
102,135,Dumbbell,Sports,2023-01-18 12:46:34,2023-01-21 12:46:34,165.51,2,8,5
103,121,Lamp,Home,2023-01-29 07:47:11,2023-02-01 07:47:11,960.61,4,9,1
104,104,T-shirt,Clothing,2023-01-23 03:27:07,2023-01-25 03:27:07,73.58,5,16,4
105,138,Perfume,Beauty,2023-01-30 07:17:44,2023-02-05 07:17:44,910.83,1,2,3
106,147,Table,Home,2023-01-06 07:08:04,2023-01-09 07:08:04,56.94,5,12,5
107,148,Swimsuit,Sports,2023-01-21 11:03:58,2023-01-23 11:03:58,120.36,5,2,2
108,119,Lipstick,Beauty,2023-01-13 06:50:42,2023-01-16 06:50:42,46.17,4,9,5
109,124,Smartwatch,Electronics,2023-01-08 05:00:40,2023-01-14 05:00:40,287.75,1,6,2
110,104,Seat Cover,Automotive,2023-01-14 11:18:51,,522.38,3,6,4
111,101,Dress,Clothing,2023-01-24 11:10:20,2023-01-31 11:10:20,599.19,2,2,3
112,132,Foundation,Beauty,2023-01-06 11:05:28,2023-01-13 11:05:28,888.32,3,10,4
113,107,Foundation,Beauty,2023-01-21 09:43:25,2023-01-24 09:43:25,732.29,3,7,5
114,109,Lamp,Home,2023-01-14 04:13:06,2023-01-17 04:13:06,320.19,1,14,4
115,113,Smartphone,Electronics,2023-01-19 14:42:58,2023-01-24 14:42:58,179.77,4,1,3
116,103,Sofa,Home,2023-01-05 20:39:27,2023-01-11 20:39:27,604.45,5,14,2
117,130,Frankenstein,Books,2023-01-29 08:24:34,2023-02-05 08:24:34,944.95,3,10,5
118,140,Nail polish,Beauty,2023-01-24 05:18:20,2023-01-29 05:18:20,364.0,3,11,2
119,101,Seat Cover,Automotive,2023-01-14 11:55:37,2023-01-16 11:55:37,675.27,1,2,4
120,141,Seat Cover,Automotive,2023-01-11 06:21:07,2023-01-17 06:21:07,544.8,2,0,5
121,136,T-shirt,Clothing,2023-01-21 06:10:40,2023-01-25 06:10:40,662.48,1,18,3
122,100,Table,Home,2023-01-09 02:45:58,2023-01-14 02:45:58,168.49,2,13,2
123,144,Smartphone,Electronics,2023-01-04 16:46:06,2023-01-06 16:46:06,94.23,1,16,5
124,114,Tennis Racket,Sports,2023-01-03 13:27:26,2023-01-10 13:27:26,148.0,5,19,4
125,142,T-shirt,Clothing,2023-01-30 10:53:23,2023-02-01 10:53:23,920.46,5,20,3
126,146,Blender,Home,2023-01-09 16:34:51,2023-01-13 16:34:51,510.5,4,2,4
127,127,Smartphone,Electronics,2023-01-01 06:12:07,2023-01-04 06:12:07,122.71,5,19,2
128,140,Beloved,Books,2023-01-06 15:51:03,2023-01-09 15:51:03,682.05,3,7,2
129,146,Car Freshener,Automotive,2023-01-14 00:44:25,2023-01-21 00:44:25,417.51,4,15,2
130,127,Dracula,Books,2023-01-09 13:55:59,2023-01-15 13:55:59,472.96,1,11,4
131,103,Table,Home,2023-01-13 18:04:24,2023-01-14 18:04:24,96.08,2,1,1
132,105,Headphones,Electronics,2023-01-14 15:55:55,2023-01-17 15:55:55,874.79,4,10,5
133,139,Oil,Automotive,2023-01-08 23:33:29,2023-01-12 23:33:29,848.76,5,3,1
134,112,Car Freshener,Automotive,2023-01-25 03:33:55,2023-01-29 03:33:55,455.79,2,11,3
135,114,Puzzle,Toys,2023-01-30 07:08:28,2023-02-06 07:08:28,495.82,1,2,1
136,112,Football,Sports,2023-01-01 14:41:11,2023-01-08 14:41:11,541.11,4,15,1
137,148,T-shirt,Clothing,2023-01-12 22:39:51,2023-01-15 22:39:51,643.97,4,10,3
138,112,Chair,Home,2023-01-06 05:17:51,2023-01-07 05:17:51,255.34,2,0,4
139,109,Foundation,Beauty,2023-01-26 13:27:02,2023-01-30 13:27:02,884.49,4,6,3
140,101,Nail polish,Beauty,2023-01-13 04:42:59,2023-01-15 04:42:59,753.54,4,0,5
141,138,Foundation,Beauty,2023-01-17 17:28:43,2023-01-20 17:28:43,859.87,5,14,5
142,132,Jeans,Clothing,2023-01-19 00:57:18,2023-01-23 00:57:18,571.92,2,7,4
143,111,Puzzle,Toys,2023-01-01 08:53:57,2023-01-03 08:53:57,472.2,3,18,3
144,110,Swimsuit,Sports,2023-01-08 20:29:46,2023-01-11 20:29:46,996.49,4,7,3
145,122,Headphones,Electronics,2023-01-12 20:49:05,2023-01-14 20:49:05,229.9,2,13,3
146,126,Table,Home,2023-01-17 01:16:50,2023-01-20 01:16:50,690.76,4,16,2
147,128,Jacket,Clothing,2023-01-19 21:24:48,2023-01-22 21:24:48,18.84,1,12,3
148,143,Tennis Racket,Sports,2023-01-24 13:57:05,2023-01-26 13:57:05,250.82,4,20,1
149,128,Dune,Books,2023-01-08 10:37:50,2023-01-09 10:37:50,670.69,3,9,5
150,144,Wheel Cleaner,Automotive,2023-01-14 18:34:47,2023-01-18 18:34:47,580.37,1,2,2
151,111,Perfume,Beauty,2023-01-11 13:54:04,2023-01-18 13:54:04,263.26,3,3,1
152,105,Tablet,Electronics,2023-01-22 08:27:08,2023-01-28 08:27:08,889.74,1,12,3
153,106,Lipstick,Beauty,2023-01-27 19:22:57,2023-01-31 19:22:57,326.49,5,20,5
154,134,Nail polish,Beauty,2023-01-12 02:13:51,2023-01-17 02:13:51,693.75,5,2,1
155,121,Smartwatch,Electronics,2023-01-29 17:32:43,2023-02-02 17:32:43,133.33,4,0,4
156,123,Foundation,Beauty,2023-01-11 07:39:55,2023-01-18 07:39:55,708.93,3,15,1
157,132,Oil,Automotive,2023-01-14 20:14:33,2023-01-15 20:14:33,612.56,5,10,2
158,135,Wax,Automotive,2023-01-20 01:50:32,2023-01-27 01:50:32,612.73,4,16,1
159,112,Tablet,Electronics,2023-01-28 12:41:34,2023-02-04 12:41:34,293.94,5,3,3
160,140,Smartwatch,Electronics,2023-01-26 02:55:03,2023-01-28 02:55:03,522.48,3,16,1
161,139,Blender,Home,2023-01-07 00:15:13,2023-01-09 00:15:13,234.66,4,0,2
162,102,Tablet,Electronics,2023-01-26 23:01:26,2023-01-29 23:01:26,735.0,4,16,4
163,123,Frankenstein,Books,2023-01-04 15:29:45,2023-01-09 15:29:45,610.18,2,4,5
164,102,Car Freshener,Automotive,2023-01-04 22:27:56,2023-01-07 22:27:56,653.51,1,4,5
165,111,Car Freshener,Automotive,2023-01-01 23:37:24,2023-01-08 23:37:24,450.62,5,18,1
166,150,Laptop,Electronics,2023-01-11 08:50:28,,741.2,2,19,3
167,115,Puzzle,Toys,2023-01-09 12:32:48,2023-01-13 12:32:48,254.36,5,5,4
168,131,Lamp,Home,2023-01-22 08:28:10,2023-01-27 08:28:10,441.18,3,0,1
169,140,Tennis Racket,Sports,2023-01-12 20:33:46,2023-01-18 20:33:46,204.31,2,14,4
170,102,Lamp,Home,2023-01-23 14:09:15,2023-01-26 14:09:15,293.18,1,14,5
171,107,Action Figure,Toys,2023-01-08 01:11:09,2023-01-13 01:11:09,319.95,4,8,5
172,139,Car Freshener,Automotive,2023-01-28 18:47:07,2023-02-01 18:47:07,841.62,3,3,5
173,143,Tablet,Electronics,2023-01-12 08:39:52,2023-01-17 08:39:52,448.98,4,4,4
174,140,Running Shoes,Sports,2023-01-06 16:37:49,2023-01-13 16:37:49,298.57,5,20,3
175,128,Jacket,Clothing,2023-01-28 16:47:07,2023-02-01 16:47:07,807.78,3,20,2
176,114,Wheel Cleaner,Automotive,2023-01-17 20:24:13,,645.35,1,17,5
177,106,Eyeliner,Beauty,2023-01-18 08:01:45,2023-01-25 08:01:45,807.61,4,9,2
178,127,Tablet,Electronics,2023-01-31 06:50:23,2023-02-04 06:50:23,534.23,3,9,3
179,136,Action Figure,Toys,2023-01-04 16:42:20,2023-01-11 16:42:20,283.77,4,13,3
180,132,Football,Sports,2023-01-20 14:37:49,2023-01-25 14:37:49,964.99,1,8,2
181,129,Beloved,Books,2023-01-28 21:46:08,2023-02-01 21:46:08,865.17,4,14,1
182,144,Jeans,Clothing,2023-01-26 01:39:25,2023-02-02 01:39:25,746.85,1,12,1
183,128,Ulysses,Books,2023-01-06 00:04:08,2023-01-11 00:04:08,316.12,5,12,1
184,146,Dracula,Books,2023-01-28 18:09:43,2023-01-30 18:09:43,386.97,3,12,3
185,117,Dune,Books,2023-01-28 11:11:05,2023-02-03 11:11:05,235.13,1,11,1
186,127,Running Shoes,Sports,2023-01-23 08:35:22,2023-01-24 08:35:22,382.11,1,1,3
187,138,Dracula,Books,2023-01-17 23:08:39,2023-01-21 23:08:39,324.38,3,14,1
188,117,Wax,Automotive,2023-01-24 17:01:48,2023-01-25 17:01:48,538.03,5,9,3
189,110,Eyeliner,Beauty,2023-01-19 05:58:42,2023-01-23 05:58:42,655.42,2,11,5
190,150,Perfume,Beauty,2023-01-23 11:31:53,2023-01-27 11:31:53,485.9,4,3,5
191,125,Jacket,Clothing,2023-01-01 20:22:23,,204.43,1,1,1
192,150,Smartphone,Electronics,2023-01-19 05:38:00,2023-01-25 05:38:00,842.19,1,14,1
193,129,Football,Sports,2023-01-29 20:40:15,2023-02-01 20:40:15,864.68,4,4,3
194,105,Headphones,Electronics,2023-01-11 23:20:49,,159.0,5,3,3
195,136,Lego,Toys,2023-01-29 05:57:57,2023-02-04 05:57:57,293.63,2,8,4
196,142,Headphones,Electronics,2023-01-23 06:41:57,2023-01-27 06:41:57,99.12,2,13,4
197,126,Lego,Toys,2023-01-27 19:48:49,2023-01-31 19:48:49,145.19,3,19,4
198,120,Car Freshener,Automotive,2023-01-19 20:18:54,2023-01-23 20:18:54,461.86,5,8,4
199,141,Tennis Racket,Sports,2023-01-12 12:04:50,2023-01-18 12:04:50,604.39,2,10,3
200,108,Swimsuit,Sports,2023-01-31 13:21:33,,303.38,2,12,1
201,115,Perfume,Beauty,2023-01-29 05:34:52,2023-02-01 05:34:52,554.88,3,9,1
202,123,Board Game,Toys,2023-01-05 01:00:47,2023-01-06 01:00:47,516.41,3,14,5
203,119,Running Shoes,Sports,2023-01-31 18:37:31,2023-02-02 18:37:31,98.65,2,4,1
204,100,Football,Sports,2023-01-23 01:17:01,2023-01-26 01:17:01,752.14,2,5,1
205,140,Shoes,Clothing,2023-01-18 08:19:33,,649.93,5,10,3
206,130,Puzzle,Toys,2023-01-08 11:28:59,2023-01-13 11:28:59,882.61,1,2,4
207,139,Blender,Home,2023-01-29 07:03:59,2023-01-30 07:03:59,899.19,1,6,5
208,109,Lego,Toys,2023-01-28 09:57:32,2023-01-31 09:57:32,762.6,1,18,5
209,125,Shoes,Clothing,2023-01-05 00:38:35,2023-01-10 00:38:35,115.31,1,15,1
210,118,Foundation,Beauty,2023-01-06 11:57:21,2023-01-07 11:57:21,92.32,5,1,2
211,104,Frankenstein,Books,2023-01-12 23:13:46,2023-01-15 23:13:46,312.56,4,3,3
212,131,Table,Home,2023-01-11 04:21:43,2023-01-14 04:21:43,90.58,2,6,4
213,147,Car Freshener,Automotive,2023-01-21 19:22:40,2023-01-24 19:22:40,562.29,5,5,3
214,141,Board Game,Toys,2023-01-22 08:58:15,2023-01-28 08:58:15,664.55,4,16,3
215,107,Running Shoes,Sports,2023-01-15 02:34:45,2023-01-21 02:34:45,986.61,2,10,3
216,138,Board Game,Toys,2023-01-09 05:46:48,2023-01-12 05:46:48,386.15,5,4,5
217,120,Lego,Toys,2023-01-26 20:33:08,2023-01-29 20:33:08,660.12,3,0,1
218,139,Perfume,Beauty,2023-01-21 11:38:04,2023-01-23 11:38:04,620.8,1,5,3
219,139,Dracula,Books,2023-01-19 19:34:33,2023-01-26 19:34:33,604.54,1,13,5
220,107,Wax,Automotive,2023-01-29 00:10:44,2023-02-03 00:10:44,938.25,5,5,2
221,141,Table,Home,2023-01-04 09:44:34,2023-01-08 09:44:34,717.01,1,15,1
222,130,Sofa,Home,2023-01-24 04:42:14,2023-01-31 04:42:14,812.76,1,12,5
223,119,Dumbbell,Sports,2023-01-04 12:27:24,2023-01-05 12:27:24,687.92,1,1,5
224,129,Dune,Books,2023-01-13 13:21:18,2023-01-18 13:21:18,414.73,1,18,4
225,126,Running Shoes,Sports,2023-01-22 22:27:49,2023-01-23 22:27:49,387.69,2,16,2
226,125,Smartwatch,Electronics,2023-01-03 00:57:04,2023-01-10 00:57:04,185.39,2,20,4
227,134,Ulysses,Books,2023-01-28 09:58:53,2023-02-04 09:58:53,356.4,4,11,1
228,120,Foundation,Beauty,2023-01-02 17:36:11,2023-01-04 17:36:11,50.58,5,19,1
229,112,T-shirt,Clothing,2023-01-28 13:52:39,2023-01-30 13:52:39,331.07,4,16,3
230,137,Eyeliner,Beauty,2023-01-07 10:55:07,,474.15,2,7,2
231,147,Doll,Toys,2023-01-03 19:17:31,2023-01-05 19:17:31,473.95,3,19,5
232,128,Dracula,Books,2023-01-31 04:14:01,2023-02-03 04:14:01,591.73,2,14,2
233,119,Eyeliner,Beauty,2023-01-12 02:55:07,2023-01-14 02:55:07,611.88,1,15,5
234,129,Blender,Home,2023-01-07 04:28:12,2023-01-13 04:28:12,965.99,2,1,3
235,131,Smartwatch,Electronics,2023-01-06 12:37:29,2023-01-09 12:37:29,280.67,3,6,1
236,115,Sofa,Home,2023-01-01 14:19:32,2023-01-02 14:19:32,848.27,2,8,5
237,145,Dress,Clothing,2023-01-24 04:09:06,,488.52,3,9,1
238,120,Perfume,Beauty,2023-01-06 20:57:04,2023-01-10 20:57:04,929.25,5,9,2
239,147,Tablet,Electronics,2023-01-27 17:31:55,2023-01-31 17:31:55,720.21,4,20,3
240,113,Jacket,Clothing,2023-01-06 02:56:22,2023-01-10 02:56:22,617.84,1,2,1
241,100,Beloved,Books,2023-01-29 04:47:20,2023-01-30 04:47:20,398.38,4,0,3
242,103,Chair,Home,2023-01-27 21:19:12,2023-01-29 21:19:12,272.86,4,11,2
243,144,Sofa,Home,2023-01-29 06:29:51,,581.61,3,20,4
244,107,Tennis Racket,Sports,2023-01-13 03:54:00,2023-01-16 03:54:00,678.21,5,5,1
245,109,Smartwatch,Electronics,2023-01-10 11:36:02,2023-01-14 11:36:02,171.25,2,5,2
246,128,Shoes,Clothing,2023-01-15 00:52:49,2023-01-18 00:52:49,947.31,3,5,5
247,116,Dracula,Books,2023-01-06 09:47:17,2023-01-10 09:47:17,826.15,5,20,1
248,113,Sofa,Home,2023-01-02 20:46:03,2023-01-05 20:46:03,531.54,3,20,4
249,118,Beloved,Books,2023-01-18 19:59:30,2023-01-23 19:59:30,793.83,3,7,1
250,132,Shoes,Clothing,2023-01-29 10:03:31,2023-02-04 10:03:31,687.4,5,4,5
251,102,Smartphone,Electronics,2023-01-21 13:58:36,2023-01-28 13:58:36,931.08,2,16,3
252,126,Nail polish,Beauty,2023-01-13 18:09:39,2023-01-20 18:09:39,991.08,5,12,2
253,134,Nail polish,Beauty,2023-01-18 23:39:15,2023-01-24 23:39:15,451.33,4,17,2
254,119,Dune,Books,2023-01-03 20:01:15,2023-01-10 20:01:15,834.66,4,4,3
255,143,Car Freshener,Automotive,2023-01-11 07:30:22,2023-01-18 07:30:22,349.39,4,8,2
256,127,Eyeliner,Beauty,2023-01-03 01:19:49,2023-01-07 01:19:49,95.89,3,2,5
257,133,Swimsuit,Sports,2023-01-25 03:03:18,2023-01-31 03:03:18,89.75,3,18,4
258,133,Lipstick,Beauty,2023-01-27 15:52:06,2023-02-02 15:52:06,214.4,4,8,5
259,114,T-shirt,Clothing,2023-01-13 10:36:18,2023-01-19 10:36:18,495.29,2,5,5
260,107,Blender,Home,2023-01-04 06:07:38,2023-01-08 06:07:38,586.03,5,13,3
261,108,Dune,Books,2023-01-21 01:59:01,2023-01-23 01:59:01,75.55,2,4,2
262,129,Smartwatch,Electronics,2023-01-01 02:51:48,2023-01-02 02:51:48,794.56,3,16,1
263,107,Dracula,Books,2023-01-10 23:07:53,2023-01-15 23:07:53,825.26,4,11,3
264,101,Ulysses,Books,2023-01-22 04:10:22,2023-01-25 04:10:22,298.58,4,8,1
265,149,Wax,Automotive,2023-01-10 04:28:28,2023-01-17 04:28:28,222.12,2,9,2
266,116,Tennis Racket,Sports,2023-01-09 10:49:51,2023-01-14 10:49:51,212.47,3,12,5
267,137,Tablet,Electronics,2023-01-04 17:51:58,,634.57,4,19,4
268,129,Tablet,Electronics,2023-01-27 06:45:33,,859.14,2,5,1
269,130,Eyeliner,Beauty,2023-01-29 04:42:54,,27.11,5,15,5
270,149,Headphones,Electronics,2023-01-18 04:47:42,2023-01-24 04:47:42,611.3,3,0,1
271,150,Table,Home,2023-01-27 17:40:15,2023-01-31 17:40:15,232.55,2,18,5
272,130,Swimsuit,Sports,2023-01-03 11:31:52,2023-01-09 11:31:52,465.82,4,19,4
273,102,Football,Sports,2023-01-16 12:23:10,2023-01-20 12:23:10,685.14,5,15,1
274,115,Smartphone,Electronics,2023-01-16 19:15:53,2023-01-18 19:15:53,152.33,5,5,5
275,139,Blender,Home,2023-01-02 16:48:17,2023-01-07 16:48:17,744.44,2,18,2
276,125,Shoes,Clothing,2023-01-24 10:17:59,2023-01-31 10:17:59,52.26,5,6,4
277,127,Lamp,Home,2023-01-20 08:41:09,2023-01-26 08:41:09,233.39,2,18,2
278,125,Ulysses,Books,2023-01-31 15:11:24,2023-02-03 15:11:24,890.19,1,10,4
279,111,Action Figure,Toys,2023-01-26 21:15:57,2023-01-28 21:15:57,442.13,5,8,5
280,122,Eyeliner,Beauty,2023-01-11 02:58:04,2023-01-14 02:58:04,892.64,1,6,3
281,117,Puzzle,Toys,2023-01-13 04:06:39,2023-01-16 04:06:39,686.24,3,20,1
282,149,Lipstick,Beauty,2023-01-13 21:17:34,2023-01-18 21:17:34,205.75,3,5,3
283,121,Board Game,Toys,2023-01-04 11:16:27,2023-01-10 11:16:27,643.79,5,10,3
284,126,Tennis Racket,Sports,2023-01-16 19:51:15,2023-01-21 19:51:15,790.12,2,9,5
285,119,Sofa,Home,2023-01-20 04:43:47,2023-01-24 04:43:47,797.49,3,0,4
286,136,Headphones,Electronics,2023-01-06 16:20:42,2023-01-10 16:20:42,835.14,1,0,1
287,132,Smartphone,Electronics,2023-01-20 14:40:36,2023-01-27 14:40:36,392.15,1,15,2
288,121,Dune,Books,2023-01-25 03:37:11,2023-01-27 03:37:11,123.55,4,15,3
289,139,T-shirt,Clothing,2023-01-17 14:56:58,2023-01-22 14:56:58,300.33,3,17,3
290,113,Foundation,Beauty,2023-01-05 12:53:03,2023-01-12 12:53:03,665.3,3,14,3
291,120,Puzzle,Toys,2023-01-30 13:11:24,2023-02-02 13:11:24,38.24,1,10,4
292,121,Dune,Books,2023-01-25 01:10:04,2023-01-26 01:10:04,956.72,1,16,3
293,123,Swimsuit,Sports,2023-01-12 03:04:16,2023-01-17 03:04:16,537.46,4,2,4
294,128,Wax,Automotive,2023-01-05 06:32:24,2023-01-11 06:32:24,754.04,5,7,3
295,139,Frankenstein,Books,2023-01-01 18:52:04,2023-01-02 18:52:04,987.17,1,16,1
296,143,Shoes,Clothing,2023-01-19 12:54:48,,686.99,2,0,3
297,109,Dumbbell,Sports,2023-01-13 12:32:05,2023-01-15 12:32:05,445.8,2,18,4
298,141,Dune,Books,2023-01-29 19:04:24,2023-01-30 19:04:24,254.67,5,3,5
299,125,Wax,Automotive,2023-01-28 17:34:15,2023-01-31 17:34:15,425.34,3,2,5
300,122,Doll,Toys,2023-01-08 19:26:53,2023-01-14 19:26:53,382.57,3,13,3
301,143,Lipstick,Beauty,2023-01-20 19:44:05,2023-01-25 19:44:05,645.95,2,14,4
302,131,Frankenstein,Books,2023-01-15 21:56:52,2023-01-19 21:56:52,477.89,1,7,3
303,103,Seat Cover,Automotive,2023-01-02 02:06:53,2023-01-04 02:06:53,756.42,3,14,3
304,100,Dune,Books,2023-01-29 18:14:40,,863.83,5,19,2
305,101,T-shirt,Clothing,2023-01-19 06:01:30,2023-01-25 06:01:30,827.02,2,2,5
306,144,Nail polish,Beauty,2023-01-27 09:21:13,2023-02-01 09:21:13,627.76,1,6,4
307,108,Lamp,Home,2023-01-10 10:19:55,,532.2,1,4,5
308,149,Nail polish,Beauty,2023-01-30 15:28:39,2023-01-31 15:28:39,173.87,1,6,2
309,135,Blender,Home,2023-01-30 05:38:21,2023-02-05 05:38:21,240.22,3,7,1
310,114,Tennis Racket,Sports,2023-01-10 08:00:55,2023-01-17 08:00:55,646.14,3,12,2
311,126,Dumbbell,Sports,2023-01-03 07:15:56,2023-01-07 07:15:56,198.35,1,1,1
312,140,Beloved,Books,2023-01-20 22:06:52,2023-01-23 22:06:52,493.52,4,18,5
313,129,Smartphone,Electronics,2023-01-20 11:16:25,2023-01-23 11:16:25,737.68,4,3,5
314,102,Lamp,Home,2023-01-17 01:48:36,2023-01-19 01:48:36,192.98,4,4,2
315,129,Dress,Clothing,2023-01-21 11:42:35,2023-01-24 11:42:35,188.42,5,12,5
316,145,Lamp,Home,2023-01-05 20:07:08,2023-01-09 20:07:08,168.32,3,12,5
317,117,Lipstick,Beauty,2023-01-09 20:40:33,2023-01-11 20:40:33,210.17,2,2,5
318,145,T-shirt,Clothing,2023-01-21 22:51:02,2023-01-27 22:51:02,188.54,3,12,5
319,110,Oil,Automotive,2023-01-24 15:33:59,2023-01-28 15:33:59,491.05,2,4,1
320,115,Table,Home,2023-01-10 06:21:27,2023-01-16 06:21:27,595.82,5,7,4
321,128,Puzzle,Toys,2023-01-11 05:33:24,2023-01-18 05:33:24,123.25,1,19,5
322,137,Swimsuit,Sports,2023-01-28 04:47:55,2023-02-03 04:47:55,17.46,1,11,4
323,125,Car Freshener,Automotive,2023-01-24 07:59:57,2023-01-28 07:59:57,46.74,1,18,1
324,114,Beloved,Books,2023-01-03 19:53:50,,402.7,2,16,1
325,105,Dune,Books,2023-01-15 13:06:10,2023-01-22 13:06:10,27.69,4,7,5
326,138,Board Game,Toys,2023-01-19 08:17:58,2023-01-22 08:17:58,41.71,1,16,3
327,140,Smartphone,Electronics,2023-01-23 09:43:24,2023-01-26 09:43:24,820.89,1,17,3
328,121,Car Freshener,Automotive,2023-01-09 19:28:22,2023-01-16 19:28:22,118.38,2,17,5
329,106,Beloved,Books,2023-01-23 10:35:34,2023-01-26 10:35:34,590.2,1,18,1
330,135,Doll,Toys,2023-01-15 05:06:31,2023-01-16 05:06:31,286.98,5,5,1
331,109,Seat Cover,Automotive,2023-01-23 14:40:29,2023-01-27 14:40:29,264.94,4,0,4
332,128,Action Figure,Toys,2023-01-15 20:17:20,2023-01-21 20:17:20,497.5,1,9,2
333,130,Doll,Toys,2023-01-15 21:15:45,2023-01-21 21:15:45,428.48,1,10,1
334,143,Puzzle,Toys,2023-01-20 04:20:15,,448.05,5,4,1
335,139,Jacket,Clothing,2023-01-02 08:27:28,2023-01-09 08:27:28,610.59,1,5,1
336,126,Puzzle,Toys,2023-01-18 08:42:20,2023-01-20 08:42:20,788.22,5,6,2
337,146,Lego,Toys,2023-01-01 05:16:49,2023-01-06 05:16:49,539.5,3,4,4
338,148,Ulysses,Books,2023-01-06 11:02:42,2023-01-12 11:02:42,322.02,2,4,5
339,138,Oil,Automotive,2023-01-04 08:09:47,2023-01-08 08:09:47,50.93,3,12,4
340,100,Action Figure,Toys,2023-01-06 21:22:29,2023-01-10 21:22:29,317.74,4,20,4
341,121,Beloved,Books,2023-01-08 00:57:45,2023-01-15 00:57:45,725.61,4,14,1
342,127,Chair,Home,2023-01-20 20:21:13,2023-01-25 20:21:13,830.24,4,11,4
343,110,Smartwatch,Electronics,2023-01-07 08:18:14,2023-01-14 08:18:14,421.06,2,1,5
344,106,Swimsuit,Sports,2023-01-28 13:24:09,,419.2,4,17,3
345,129,Wheel Cleaner,Automotive,2023-01-21 13:38:27,2023-01-23 13:38:27,30.37,1,6,5
346,115,Lipstick,Beauty,2023-01-31 12:46:32,2023-02-06 12:46:32,415.7,3,15,5
347,103,Headphones,Electronics,2023-01-07 12:38:30,2023-01-13 12:38:30,244.78,5,1,2
348,102,Lamp,Home,2023-01-06 04:48:03,2023-01-07 04:48:03,898.85,4,12,2
349,140,Dumbbell,Sports,2023-01-04 15:04:29,2023-01-11 15:04:29,388.23,5,2,2
350,116,Tennis Racket,Sports,2023-01-31 14:44:19,2023-02-07 14:44:19,364.67,4,7,3
351,125,Foundation,Beauty,2023-01-17 02:26:08,2023-01-24 02:26:08,802.15,2,20,3
352,116,Dress,Clothing,2023-01-30 07:32:42,2023-02-05 07:32:42,482.95,3,4,2
353,130,Nail polish,Beauty,2023-01-11 16:47:36,2023-01-16 16:47:36,513.56,4,0,3
354,124,Lipstick,Beauty,2023-01-15 06:30:46,2023-01-18 06:30:46,339.11,4,13,5
355,118,Puzzle,Toys,2023-01-25 20:24:31,2023-01-26 20:24:31,626.46,5,8,1
356,123,Jacket,Clothing,2023-01-20 18:34:00,2023-01-26 18:34:00,419.64,3,6,3
357,113,Table,Home,2023-01-08 10:27:47,2023-01-10 10:27:47,749.45,1,5,1
358,119,Eyeliner,Beauty,2023-01-26 02:53:58,,899.4,2,5,3
359,139,Car Freshener,Automotive,2023-01-03 02:09:35,,857.35,3,15,1
360,140,Football,Sports,2023-01-13 00:10:37,2023-01-15 00:10:37,841.23,4,18,2
361,101,Smartphone,Electronics,2023-01-28 03:49:52,2023-02-02 03:49:52,151.16,1,5,2
362,117,Foundation,Beauty,2023-01-25 21:12:09,2023-01-29 21:12:09,476.53,5,9,3
363,134,Ulysses,Books,2023-01-19 16:46:23,,401.95,2,7,2
364,140,Action Figure,Toys,2023-01-22 16:19:56,2023-01-29 16:19:56,500.56,1,3,4
365,149,Foundation,Beauty,2023-01-10 16:35:06,2023-01-14 16:35:06,294.03,4,6,2
366,107,Doll,Toys,2023-01-26 22:01:24,2023-01-27 22:01:24,521.14,1,9,2
367,133,Beloved,Books,2023-01-28 19:57:22,2023-02-03 19:57:22,608.46,3,11,3
368,113,Action Figure,Toys,2023-01-24 01:35:01,2023-01-31 01:35:01,193.24,4,7,1
369,144,Tablet,Electronics,2023-01-30 17:15:57,2023-02-02 17:15:57,352.32,2,0,5
370,115,Nail polish,Beauty,2023-01-15 06:29:22,2023-01-19 06:29:22,263.77,3,11,3
371,122,Frankenstein,Books,2023-01-26 01:49:28,2023-01-27 01:49:28,937.98,1,17,3
372,127,Smartwatch,Electronics,2023-01-05 02:47:36,2023-01-10 02:47:36,515.67,5,4,4
373,135,Board Game,Toys,2023-01-05 22:26:50,2023-01-10 22:26:50,933.9,4,1,4
374,138,Dress,Clothing,2023-01-04 22:27:49,,755.28,2,5,2
375,150,Jacket,Clothing,2023-01-30 07:14:58,2023-02-03 07:14:58,193.58,1,19,3
376,133,Ulysses,Books,2023-01-22 06:44:03,2023-01-27 06:44:03,827.1,1,12,2
377,117,Lamp,Home,2023-01-28 13:37:05,,55.94,3,1,1
378,112,Oil,Automotive,2023-01-15 10:42:52,2023-01-21 10:42:52,656.61,1,15,1
379,101,Headphones,Electronics,2023-01-23 09:42:35,2023-01-25 09:42:35,983.9,2,12,5
380,107,Lipstick,Beauty,2023-01-03 18:14:43,2023-01-04 18:14:43,467.23,4,12,2
381,111,Wax,Automotive,2023-01-10 05:30:06,2023-01-17 05:30:06,176.34,3,20,3
382,109,Jacket,Clothing,2023-01-26 09:23:41,2023-02-01 09:23:41,321.15,1,6,2
383,142,Perfume,Beauty,2023-01-14 16:33:35,2023-01-16 16:33:35,228.75,2,2,5
384,111,Nail polish,Beauty,2023-01-14 14:42:23,2023-01-18 14:42:23,668.27,4,1,1
385,107,Swimsuit,Sports,2023-01-24 22:25:16,2023-01-26 22:25:16,965.35,3,7,1
386,101,Dumbbell,Sports,2023-01-28 13:52:32,2023-02-02 13:52:32,563.82,3,19,3
387,113,Dress,Clothing,2023-01-18 12:06:05,2023-01-22 12:06:05,244.92,5,3,1
388,136,Chair,Home,2023-01-19 16:01:22,2023-01-25 16:01:22,508.76,5,9,3
389,120,Dracula,Books,2023-01-27 00:28:53,2023-01-31 00:28:53,467.47,3,12,3
390,129,Blender,Home,2023-01-28 01:11:57,,757.58,5,20,1
391,105,Swimsuit,Sports,2023-01-16 20:22:11,2023-01-19 20:22:11,693.72,3,0,3
392,129,Dumbbell,Sports,2023-01-07 19:03:14,2023-01-10 19:03:14,912.73,5,16,4
393,144,Action Figure,Toys,2023-01-24 04:31:46,2023-01-29 04:31:46,322.83,3,16,3
394,121,Car Freshener,Automotive,2023-01-02 05:16:39,2023-01-07 05:16:39,813.14,3,13,4
395,128,Oil,Automotive,2023-01-01 08:24:22,2023-01-03 08:24:22,98.56,5,3,2
396,144,Beloved,Books,2023-01-22 05:30:23,2023-01-25 05:30:23,540.44,4,3,3
397,130,Shoes,Clothing,2023-01-31 12:08:19,2023-02-03 12:08:19,40.52,4,8,3
398,103,Headphones,Electronics,2023-01-03 12:41:01,2023-01-07 12:41:01,643.0,2,13,3
399,104,Wheel Cleaner,Automotive,2023-01-28 18:40:24,2023-01-30 18:40:24,447.98,4,2,4
400,113,Foundation,Beauty,2023-01-03 23:08:04,2023-01-09 23:08:04,68.26,2,18,5
401,115,Laptop,Electronics,2023-01-13 19:05:57,2023-01-18 19:05:57,672.61,2,18,1
402,124,Oil,Automotive,2023-01-09 17:36:31,2023-01-13 17:36:31,898.77,3,17,1
403,106,Seat Cover,Automotive,2023-01-11 02:48:59,2023-01-16 02:48:59,105.79,3,9,5
404,117,Sofa,Home,2023-01-20 19:54:25,2023-01-21 19:54:25,914.38,1,5,1
405,124,Ulysses,Books,2023-01-05 22:03:18,2023-01-06 22:03:18,801.89,4,3,5
406,128,Frankenstein,Books,2023-01-21 02:50:08,2023-01-28 02:50:08,767.65,1,8,2
407,112,Board Game,Toys,2023-01-06 22:44:28,2023-01-10 22:44:28,972.14,5,0,4
408,134,Tablet,Electronics,2023-01-15 02:43:52,,704.22,4,2,1
409,149,Seat Cover,Automotive,2023-01-21 18:55:03,2023-01-26 18:55:03,755.06,5,18,2
410,118,Lego,Toys,2023-01-02 10:12:15,2023-01-04 10:12:15,531.07,5,2,2
411,108,Running Shoes,Sports,2023-01-20 14:12:56,2023-01-26 14:12:56,676.84,4,2,3
412,100,Wheel Cleaner,Automotive,2023-01-27 05:44:28,2023-02-03 05:44:28,811.48,5,20,5
413,124,Car Freshener,Automotive,2023-01-02 16:39:58,2023-01-04 16:39:58,754.89,2,3,3
414,100,Dracula,Books,2023-01-12 19:07:33,2023-01-14 19:07:33,151.94,1,1,1
415,140,Dumbbell,Sports,2023-01-29 09:09:43,2023-02-01 09:09:43,315.72,2,8,4
416,131,Car Freshener,Automotive,2023-01-21 20:50:52,2023-01-28 20:50:52,782.73,3,1,4
417,119,Tablet,Electronics,2023-01-17 06:20:57,2023-01-21 06:20:57,150.6,1,0,4
418,121,Puzzle,Toys,2023-01-05 13:15:57,2023-01-11 13:15:57,273.12,1,13,3
419,120,Eyeliner,Beauty,2023-01-16 21:17:49,2023-01-19 21:17:49,665.28,4,11,2
420,145,Dress,Clothing,2023-01-01 08:54:44,2023-01-08 08:54:44,696.13,4,3,1
421,100,Lego,Toys,2023-01-05 08:25:13,2023-01-07 08:25:13,11.88,5,9,5
422,100,Smartphone,Electronics,2023-01-28 08:30:30,2023-01-31 08:30:30,461.67,1,14,1
423,104,Swimsuit,Sports,2023-01-21 19:51:14,2023-01-24 19:51:14,417.93,4,5,3
424,143,Puzzle,Toys,2023-01-24 11:21:58,2023-01-26 11:21:58,402.89,5,14,4
425,108,Car Freshener,Automotive,2023-01-05 19:31:48,2023-01-08 19:31:48,566.11,4,17,1
426,114,Lego,Toys,2023-01-20 06:54:55,2023-01-23 06:54:55,878.58,4,4,4
427,119,Car Freshener,Automotive,2023-01-02 12:33:59,2023-01-06 12:33:59,556.26,2,7,1
428,120,Lamp,Home,2023-01-01 13:39:40,2023-01-05 13:39:40,809.66,1,7,5
429,117,Wax,Automotive,2023-01-15 16:07:31,2023-01-20 16:07:31,953.66,2,9,2
430,106,Ulysses,Books,2023-01-18 12:15:19,2023-01-25 12:15:19,735.86,2,7,2
431,122,Eyeliner,Beauty,2023-01-01 04:13:13,2023-01-07 04:13:13,647.4,3,16,5
432,117,Swimsuit,Sports,2023-01-26 14:21:22,2023-02-01 14:21:22,890.02,2,7,3
433,126,Dracula,Books,2023-01-26 14:44:42,2023-01-30 14:44:42,873.09,1,13,5
434,112,Table,Home,2023-01-03 03:16:37,2023-01-07 03:16:37,157.07,3,17,3
435,111,Frankenstein,Books,2023-01-10 11:56:18,2023-01-13 11:56:18,308.45,5,6,1
436,120,Doll,Toys,2023-01-02 21:19:49,2023-01-04 21:19:49,219.51,4,9,1
437,109,Jacket,Clothing,2023-01-12 22:42:04,2023-01-14 22:42:04,792.07,5,12,3
438,129,Chair,Home,2023-01-01 06:34:39,2023-01-04 06:34:39,607.28,5,4,5
439,127,Dune,Books,2023-01-13 12:56:39,2023-01-20 12:56:39,841.19,1,1,5
440,127,Sofa,Home,2023-01-20 06:57:53,2023-01-27 06:57:53,263.67,5,10,1
441,124,Car Freshener,Automotive,2023-01-07 11:14:53,2023-01-12 11:14:53,782.49,4,18,1
442,117,Ulysses,Books,2023-01-30 05:36:50,,891.51,5,11,4
443,135,Board Game,Toys,2023-01-03 08:34:22,2023-01-10 08:34:22,733.16,1,0,5
444,107,Tennis Racket,Sports,2023-01-28 23:10:33,2023-01-30 23:10:33,667.98,1,14,4
445,119,Perfume,Beauty,2023-01-19 00:20:56,,797.42,1,15,5
446,100,Jacket,Clothing,2023-01-29 17:03:08,2023-02-05 17:03:08,111.6,4,18,1
447,128,Laptop,Electronics,2023-01-10 16:07:24,2023-01-14 16:07:24,900.59,2,18,5
448,141,Laptop,Electronics,2023-01-09 03:54:00,2023-01-13 03:54:00,378.83,5,0,2
449,111,Frankenstein,Books,2023-01-15 13:52:40,2023-01-16 13:52:40,519.26,3,11,5
450,135,Foundation,Beauty,2023-01-28 20:03:47,2023-02-01 20:03:47,93.73,2,5,2
451,111,Jacket,Clothing,2023-01-18 17:37:44,2023-01-22 17:37:44,860.33,3,13,3
452,150,Puzzle,Toys,2023-01-19 17:23:27,2023-01-24 17:23:27,624.4,1,16,1
453,101,Dumbbell,Sports,2023-01-24 12:21:58,2023-01-27 12:21:58,930.29,2,4,3
454,112,Frankenstein,Books,2023-01-19 01:56:42,2023-01-25 01:56:42,577.7,1,16,3
455,130,Shoes,Clothing,2023-01-11 03:25:58,2023-01-18 03:25:58,794.6,3,17,5
456,148,Headphones,Electronics,2023-01-10 05:39:22,2023-01-16 05:39:22,387.86,2,19,5
457,116,Lamp,Home,2023-01-10 12:51:03,2023-01-13 12:51:03,337.63,4,17,5
458,107,Action Figure,Toys,2023-01-05 17:06:08,2023-01-12 17:06:08,955.4,1,11,2
459,136,Eyeliner,Beauty,2023-01-28 06:22:32,2023-02-04 06:22:32,734.09,4,13,2
460,129,Jacket,Clothing,2023-01-04 00:00:46,2023-01-05 00:00:46,738.68,1,18,4
461,110,Tablet,Electronics,2023-01-28 08:51:51,2023-02-04 08:51:51,811.2,5,3,3
462,101,Chair,Home,2023-01-29 06:50:16,2023-02-04 06:50:16,569.56,4,14,4
463,128,T-shirt,Clothing,2023-01-09 10:09:59,2023-01-13 10:09:59,655.94,5,5,4
464,143,Sofa,Home,2023-01-18 14:46:46,2023-01-20 14:46:46,281.36,3,16,4
465,113,Wheel Cleaner,Automotive,2023-01-12 08:11:08,2023-01-15 08:11:08,413.24,5,17,2
466,111,Oil,Automotive,2023-01-01 01:44:44,2023-01-06 01:44:44,790.83,3,8,1
467,134,Tennis Racket,Sports,2023-01-18 22:21:01,,595.01,3,11,4
468,122,Chair,Home,2023-01-15 12:56:40,2023-01-22 12:56:40,891.17,2,17,4
469,121,Headphones,Electronics,2023-01-14 11:13:50,2023-01-15 11:13:50,417.25,3,18,4
470,108,Beloved,Books,2023-01-18 06:20:40,2023-01-20 06:20:40,915.03,1,20,5
471,119,Table,Home,2023-01-12 21:46:31,2023-01-17 21:46:31,597.67,3,6,2
472,130,Foundation,Beauty,2023-01-02 23:58:39,2023-01-07 23:58:39,445.46,2,18,4
473,104,Action Figure,Toys,2023-01-15 01:05:48,2023-01-17 01:05:48,157.82,5,15,3
474,121,Table,Home,2023-01-06 11:44:50,2023-01-08 11:44:50,434.77,3,18,5
475,112,Smartphone,Electronics,2023-01-29 04:57:24,2023-02-01 04:57:24,640.16,3,7,5
476,121,Table,Home,2023-01-30 09:27:55,2023-02-04 09:27:55,210.42,3,4,4
477,107,Seat Cover,Automotive,2023-01-14 23:16:04,2023-01-21 23:16:04,661.44,3,7,1
478,115,Lamp,Home,2023-01-31 10:17:34,,185.78,5,7,3
479,130,Wax,Automotive,2023-01-03 10:57:41,2023-01-04 10:57:41,814.09,3,11,5
480,139,Car Freshener,Automotive,2023-01-20 11:41:59,2023-01-27 11:41:59,772.45,5,20,5
481,143,Tablet,Electronics,2023-01-16 07:32:15,2023-01-18 07:32:15,22.78,5,18,3
482,148,Perfume,Beauty,2023-01-13 22:50:06,2023-01-20 22:50:06,44.72,2,13,1
483,125,Dumbbell,Sports,2023-01-01 03:57:25,2023-01-08 03:57:25,560.56,4,16,2
484,128,Oil,Automotive,2023-01-11 03:37:12,2023-01-13 03:37:12,46.88,5,4,5
485,133,Perfume,Beauty,2023-01-23 08:07:38,2023-01-29 08:07:38,953.45,2,0,5
486,116,Jeans,Clothing,2023-01-23 05:02:05,2023-01-28 05:02:05,973.48,3,14,2
487,133,Blender,Home,2023-01-02 05:47:22,2023-01-09 05:47:22,355.53,5,8,2
488,121,Puzzle,Toys,2023-01-12 10:23:11,2023-01-16 10:23:11,606.88,1,2,2
489,125,Sofa,Home,2023-01-15 18:27:25,2023-01-16 18:27:25,88.06,4,1,1
490,112,Running Shoes,Sports,2023-01-11 00:52:54,,22.79,1,15,3
491,146,Foundation,Beauty,2023-01-20 12:43:57,2023-01-24 12:43:57,306.61,5,12,1
492,139,Tennis Racket,Sports,2023-01-13 18:46:24,,401.77,2,19,3
493,114,Action Figure,Toys,2023-01-20 03:16:06,2023-01-25 03:16:06,733.24,4,16,2
494,132,Smartwatch,Electronics,2023-01-19 13:55:56,2023-01-22 13:55:56,366.11,1,10,3
495,112,Sofa,Home,2023-01-26 17:57:56,2023-02-02 17:57:56,655.52,2,15,4
496,148,Tablet,Electronics,2023-01-26 17:50:23,2023-01-27 17:50:23,585.45,5,8,2
497,110,Jacket,Clothing,2023-01-03 01:35:52,2023-01-05 01:35:52,398.32,4,6,1
498,132,Swimsuit,Sports,2023-01-01 13:44:04,2023-01-04 13:44:04,160.45,5,16,4
499,141,Seat Cover,Automotive,2023-01-23 10:44:58,2023-01-29 10:44:58,740.82,1,5,5
500,110,Lamp,Home,2023-01-21 13:34:01,2023-01-27 13:34:01,572.18,2,15,5
501,135,Oil,Automotive,2023-01-31 03:37:22,2023-02-06 03:37:22,341.3,1,9,1
502,124,Perfume,Beauty,2023-01-24 20:00:58,,327.0,2,6,5
503,142,Eyeliner,Beauty,2023-01-08 17:01:08,2023-01-12 17:01:08,781.02,4,18,5
504,127,Football,Sports,2023-01-30 04:07:02,2023-01-31 04:07:02,121.66,5,18,2
505,101,Dress,Clothing,2023-01-15 15:26:32,2023-01-22 15:26:32,429.8,5,20,1
506,116,Headphones,Electronics,2023-01-08 18:42:37,2023-01-11 18:42:37,324.09,1,15,4
507,138,Frankenstein,Books,2023-01-17 10:59:25,2023-01-19 10:59:25,716.2,5,18,2
508,147,Beloved,Books,2023-01-31 15:10:31,2023-02-02 15:10:31,403.83,4,19,1
509,118,Ulysses,Books,2023-01-28 10:40:00,2023-01-31 10:40:00,532.24,1,9,1
510,124,Lego,Toys,2023-01-21 14:58:26,2023-01-27 14:58:26,809.53,5,2,3
511,100,Car Freshener,Automotive,2023-01-29 22:09:21,,404.79,1,16,3
512,147,Nail polish,Beauty,2023-01-15 09:23:17,2023-01-21 09:23:17,512.6,1,15,4
513,118,Running Shoes,Sports,2023-01-26 05:20:33,,360.64,5,4,4
514,108,Foundation,Beauty,2023-01-31 18:18:34,2023-02-02 18:18:34,159.64,3,17,1
515,115,Eyeliner,Beauty,2023-01-02 16:21:06,2023-01-06 16:21:06,139.97,1,5,1
516,149,Wax,Automotive,2023-01-24 12:09:10,2023-01-28 12:09:10,770.19,5,0,4
517,110,Headphones,Electronics,2023-01-16 01:45:53,2023-01-20 01:45:53,18.12,1,12,3
518,150,Puzzle,Toys,2023-01-15 20:49:12,2023-01-21 20:49:12,743.32,1,12,4
519,133,Laptop,Electronics,2023-01-22 21:24:18,2023-01-29 21:24:18,717.33,5,15,5
520,102,Ulysses,Books,2023-01-05 00:21:50,2023-01-06 00:21:50,255.45,2,20,1
521,125,Foundation,Beauty,2023-01-20 01:32:36,2023-01-23 01:32:36,144.98,3,1,3
522,111,Chair,Home,2023-01-05 18:38:37,2023-01-07 18:38:37,490.89,5,10,5
523,148,Beloved,Books,2023-01-18 08:12:05,2023-01-24 08:12:05,730.79,5,20,2
524,146,Smartwatch,Electronics,2023-01-24 14:16:11,2023-01-28 14:16:11,343.51,2,18,3
525,114,Perfume,Beauty,2023-01-11 19:41:01,2023-01-12 19:41:01,175.68,1,11,1
526,124,T-shirt,Clothing,2023-01-10 13:43:58,2023-01-12 13:43:58,574.39,1,1,4
527,134,Headphones,Electronics,2023-01-05 18:01:24,2023-01-06 18:01:24,783.85,4,20,2
528,104,Wheel Cleaner,Automotive,2023-01-03 10:51:59,2023-01-08 10:51:59,436.82,4,1,4
529,138,Perfume,Beauty,2023-01-04 01:06:04,2023-01-11 01:06:04,828.52,2,3,5
530,109,Laptop,Electronics,2023-01-12 02:42:34,2023-01-19 02:42:34,261.5,3,2,2
531,146,Car Freshener,Automotive,2023-01-28 18:12:13,2023-01-31 18:12:13,766.15,2,4,5
532,134,Action Figure,Toys,2023-01-21 02:30:17,2023-01-25 02:30:17,54.93,5,12,2
533,123,Swimsuit,Sports,2023-01-14 00:02:59,,353.6,1,0,1
534,130,Chair,Home,2023-01-15 06:56:53,2023-01-18 06:56:53,67.48,5,2,4
535,111,Blender,Home,2023-01-23 22:13:22,2023-01-27 22:13:22,69.66,4,11,1
536,112,Nail polish,Beauty,2023-01-06 01:13:27,,163.37,1,16,4
537,137,Jacket,Clothing,2023-01-23 18:22:01,2023-01-28 18:22:01,779.01,2,3,3
538,133,Jacket,Clothing,2023-01-09 01:48:12,2023-01-15 01:48:12,443.6,3,3,5
539,142,Smartwatch,Electronics,2023-01-02 04:53:55,2023-01-04 04:53:55,158.18,4,2,1
540,139,Doll,Toys,2023-01-04 13:54:41,2023-01-06 13:54:41,677.33,2,2,4
541,149,Football,Sports,2023-01-08 07:51:41,2023-01-10 07:51:41,333.69,5,9,2
542,113,Smartwatch,Electronics,2023-01-10 20:37:10,2023-01-16 20:37:10,206.2,4,4,4
543,149,Running Shoes,Sports,2023-01-09 23:41:02,2023-01-13 23:41:02,209.95,4,12,3
544,103,Oil,Automotive,2023-01-19 17:56:36,2023-01-26 17:56:36,271.28,1,1,4
545,115,Tablet,Electronics,2023-01-21 17:37:50,2023-01-23 17:37:50,707.31,1,12,2
546,124,Beloved,Books,2023-01-24 16:26:36,2023-01-29 16:26:36,871.24,1,8,4
547,134,Smartphone,Electronics,2023-01-14 01:02:21,2023-01-15 01:02:21,248.24,5,1,2
548,121,Foundation,Beauty,2023-01-27 14:02:02,2023-02-01 14:02:02,500.39,4,18,2
549,113,Eyeliner,Beauty,2023-01-15 20:44:33,2023-01-19 20:44:33,490.44,3,6,3
550,103,Frankenstein,Books,2023-01-09 18:39:17,2023-01-16 18:39:17,410.83,4,1,4
551,119,Perfume,Beauty,2023-01-30 00:04:18,,496.66,2,7,1
552,129,Lipstick,Beauty,2023-01-25 17:32:58,2023-01-29 17:32:58,200.14,3,15,1
553,136,Jacket,Clothing,2023-01-08 06:03:01,2023-01-15 06:03:01,727.31,3,20,1
554,145,Smartwatch,Electronics,2023-01-25 09:21:02,2023-02-01 09:21:02,194.79,5,4,1
555,150,Sofa,Home,2023-01-15 08:58:02,,88.9,5,19,1
556,148,Smartwatch,Electronics,2023-01-12 05:11:13,2023-01-18 05:11:13,735.0,4,8,5
557,119,Doll,Toys,2023-01-14 03:48:50,2023-01-15 03:48:50,710.82,1,20,4
558,130,Running Shoes,Sports,2023-01-26 01:08:59,2023-01-30 01:08:59,66.79,5,0,5
559,145,Action Figure,Toys,2023-01-07 14:22:24,2023-01-11 14:22:24,683.83,1,19,1
560,135,Tennis Racket,Sports,2023-01-05 15:04:17,2023-01-06 15:04:17,878.24,5,15,3
561,146,Sofa,Home,2023-01-29 14:40:58,2023-02-01 14:40:58,711.57,5,20,1
562,142,Dracula,Books,2023-01-16 23:24:14,2023-01-22 23:24:14,610.45,3,14,2
563,136,Dress,Clothing,2023-01-02 20:08:06,2023-01-04 20:08:06,343.09,3,20,1
564,127,Frankenstein,Books,2023-01-09 09:54:41,2023-01-16 09:54:41,811.18,5,4,2
565,102,Ulysses,Books,2023-01-26 13:05:36,,155.85,4,19,1
566,103,Eyeliner,Beauty,2023-01-21 11:58:24,2023-01-22 11:58:24,387.39,2,19,2
567,148,Laptop,Electronics,2023-01-29 14:14:15,2023-02-01 14:14:15,539.95,4,3,3
568,120,Beloved,Books,2023-01-18 21:40:57,,100.83,5,15,3
569,103,Lipstick,Beauty,2023-01-27 06:14:04,2023-01-31 06:14:04,619.56,4,8,4
570,149,Wax,Automotive,2023-01-17 18:41:33,2023-01-21 18:41:33,112.05,3,8,4
571,123,Dress,Clothing,2023-01-19 01:55:45,2023-01-26 01:55:45,628.35,5,12,5
572,147,Laptop,Electronics,2023-01-22 07:05:45,2023-01-26 07:05:45,353.61,3,4,2
573,128,Car Freshener,Automotive,2023-01-22 23:00:01,2023-01-28 23:00:01,94.28,5,7,5
574,126,Shoes,Clothing,2023-01-08 22:31:07,2023-01-13 22:31:07,907.67,4,15,1
575,115,T-shirt,Clothing,2023-01-26 15:22:03,2023-01-29 15:22:03,450.69,5,20,5
576,115,Frankenstein,Books,2023-01-31 00:30:08,2023-02-01 00:30:08,570.86,1,8,2
577,105,Action Figure,Toys,2023-01-13 17:48:34,2023-01-20 17:48:34,491.51,1,20,1
578,147,Puzzle,Toys,2023-01-26 08:58:40,2023-01-30 08:58:40,605.47,5,17,3
579,146,Foundation,Beauty,2023-01-25 10:15:03,2023-01-30 10:15:03,636.49,4,14,3
580,102,Eyeliner,Beauty,2023-01-28 16:03:52,2023-02-01 16:03:52,456.35,4,7,5
581,117,Beloved,Books,2023-01-02 09:59:07,2023-01-06 09:59:07,402.16,5,11,2
582,111,Headphones,Electronics,2023-01-16 01:41:52,2023-01-18 01:41:52,494.4,5,2,1
583,119,Tennis Racket,Sports,2023-01-04 18:39:15,2023-01-09 18:39:15,858.82,3,0,1
584,139,Running Shoes,Sports,2023-01-28 23:30:23,2023-02-03 23:30:23,118.9,5,17,3
585,100,Dumbbell,Sports,2023-01-04 20:12:40,2023-01-07 20:12:40,926.05,2,12,5
586,101,Seat Cover,Automotive,2023-01-07 18:43:50,2023-01-14 18:43:50,686.48,5,7,2
587,111,Sofa,Home,2023-01-20 15:36:38,2023-01-23 15:36:38,776.96,2,3,5
588,128,Swimsuit,Sports,2023-01-09 12:24:41,2023-01-13 12:24:41,331.01,2,11,4
589,131,Smartwatch,Electronics,2023-01-29 03:42:03,2023-02-05 03:42:03,18.45,3,8,2
590,107,Lamp,Home,2023-01-29 23:03:18,2023-02-04 23:03:18,66.46,4,2,2
591,104,Doll,Toys,2023-01-21 16:57:10,,221.23,1,19,2
592,148,Tablet,Electronics,2023-01-17 04:09:31,2023-01-22 04:09:31,25.12,4,5,5
593,120,Dumbbell,Sports,2023-01-21 06:46:40,2023-01-22 06:46:40,127.52,1,13,1
594,137,Tablet,Electronics,2023-01-03 18:56:59,2023-01-08 18:56:59,161.65,1,20,1
595,125,Wax,Automotive,2023-01-05 13:24:42,2023-01-11 13:24:42,609.68,1,16,3
596,140,Nail polish,Beauty,2023-01-27 22:19:55,2023-02-02 22:19:55,258.75,2,7,3
597,124,Oil,Automotive,2023-01-28 05:40:42,2023-01-29 05:40:42,789.89,3,12,5
598,124,Wheel Cleaner,Automotive,2023-01-18 19:52:14,2023-01-22 19:52:14,483.26,1,9,5
599,145,Tennis Racket,Sports,2023-01-19 00:04:11,2023-01-24 00:04:11,396.04,1,5,1
600,131,Puzzle,Toys,2023-01-16 10:51:01,2023-01-18 10:51:01,773.22,5,13,2
601,127,Board Game,Toys,2023-01-16 18:23:23,2023-01-19 18:23:23,158.12,1,11,5
602,116,Car Freshener,Automotive,2023-01-15 09:48:36,2023-01-21 09:48:36,107.85,5,20,1
603,126,Car Freshener,Automotive,2023-01-30 17:41:13,2023-02-01 17:41:13,437.89,4,15,3
604,149,Lego,Toys,2023-01-24 03:42:46,2023-01-31 03:42:46,980.86,4,15,1
605,100,Car Freshener,Automotive,2023-01-10 07:58:47,2023-01-15 07:58:47,595.9,1,0,1
606,139,Wheel Cleaner,Automotive,2023-01-23 05:25:29,,57.05,4,1,5
607,101,Laptop,Electronics,2023-01-17 05:21:20,2023-01-22 05:21:20,962.01,2,7,1
608,111,Beloved,Books,2023-01-09 11:08:23,2023-01-12 11:08:23,734.18,5,10,1
609,142,Action Figure,Toys,2023-01-06 03:34:42,2023-01-12 03:34:42,20.51,1,9,4
610,132,Lego,Toys,2023-01-05 20:53:33,2023-01-08 20:53:33,413.19,1,8,4
611,122,Wax,Automotive,2023-01-24 09:57:21,2023-01-30 09:57:21,573.55,3,13,2
612,103,Headphones,Electronics,2023-01-17 06:00:04,2023-01-18 06:00:04,242.61,5,16,5
613,124,Board Game,Toys,2023-01-28 12:42:41,,231.2,1,15,3
614,135,Board Game,Toys,2023-01-28 23:48:48,2023-02-04 23:48:48,498.96,5,6,3
615,133,Shoes,Clothing,2023-01-07 17:03:57,2023-01-08 17:03:57,126.13,2,3,1
616,132,Tablet,Electronics,2023-01-06 02:47:12,2023-01-13 02:47:12,515.5,3,17,1
617,101,Board Game,Toys,2023-01-20 18:59:47,2023-01-22 18:59:47,861.36,5,9,3
618,111,Dune,Books,2023-01-31 15:25:58,2023-02-02 15:25:58,657.17,4,17,5
619,140,Seat Cover,Automotive,2023-01-24 22:30:18,2023-01-25 22:30:18,416.24,1,0,4
620,124,Lamp,Home,2023-01-21 15:10:47,2023-01-27 15:10:47,733.84,3,18,1
621,115,Smartphone,Electronics,2023-01-05 22:22:13,2023-01-08 22:22:13,426.27,4,9,3
622,101,Wax,Automotive,2023-01-09 00:25:06,2023-01-13 00:25:06,824.98,4,11,4
623,106,Dress,Clothing,2023-01-15 13:26:31,2023-01-16 13:26:31,999.44,1,9,1
624,131,Jacket,Clothing,2023-01-07 08:52:36,2023-01-14 08:52:36,321.46,1,13,4
625,107,Oil,Automotive,2023-01-30 19:37:55,2023-02-02 19:37:55,765.64,4,10,4
626,148,Foundation,Beauty,2023-01-18 15:49:42,2023-01-22 15:49:42,240.46,3,17,3
627,117,Smartphone,Electronics,2023-01-21 15:53:58,2023-01-23 15:53:58,484.06,4,0,2
628,133,Jacket,Clothing,2023-01-10 17:33:28,2023-01-17 17:33:28,777.08,3,19,1
629,104,Tablet,Electronics,2023-01-26 10:49:29,,290.45,3,11,4
630,124,Beloved,Books,2023-01-31 23:34:41,2023-02-02 23:34:41,170.34,2,7,1
631,139,Smartwatch,Electronics,2023-01-24 23:49:43,2023-01-30 23:49:43,434.82,2,13,3
632,140,Perfume,Beauty,2023-01-23 11:53:23,2023-01-26 11:53:23,912.46,1,0,1
633,145,Beloved,Books,2023-01-07 19:09:35,2023-01-10 19:09:35,213.43,2,13,2
634,114,Puzzle,Toys,2023-01-26 20:53:22,,901.3,5,20,3
635,138,Doll,Toys,2023-01-16 06:08:48,,681.25,3,15,5
636,148,Dress,Clothing,2023-01-28 02:35:01,2023-01-29 02:35:01,559.47,2,3,1
637,112,Dress,Clothing,2023-01-02 16:01:29,2023-01-05 16:01:29,133.84,4,5,5
638,107,Dumbbell,Sports,2023-01-24 15:19:53,2023-01-30 15:19:53,103.88,4,17,4
639,126,Tablet,Electronics,2023-01-06 19:18:38,2023-01-12 19:18:38,784.4,3,3,3
640,103,Headphones,Electronics,2023-01-10 19:15:20,2023-01-15 19:15:20,962.28,1,2,4
641,116,Wax,Automotive,2023-01-27 02:50:07,2023-01-31 02:50:07,335.88,5,0,1
642,109,Dress,Clothing,2023-01-03 14:17:02,,72.09,1,17,5
643,138,Running Shoes,Sports,2023-01-12 08:30:14,2023-01-14 08:30:14,407.6,5,16,2
644,133,Table,Home,2023-01-27 05:18:03,2023-02-02 05:18:03,95.64,1,10,5
645,113,Oil,Automotive,2023-01-30 13:09:48,2023-01-31 13:09:48,240.42,1,9,1
646,105,Shoes,Clothing,2023-01-30 04:13:55,2023-02-02 04:13:55,652.12,3,19,4
647,109,Doll,Toys,2023-01-29 23:01:47,2023-01-30 23:01:47,541.35,3,9,4
648,124,Jeans,Clothing,2023-01-18 01:13:26,2023-01-19 01:13:26,930.88,2,7,1
649,117,Lamp,Home,2023-01-12 23:32:05,2023-01-15 23:32:05,875.02,5,13,3
650,139,Dracula,Books,2023-01-29 21:53:46,2023-02-03 21:53:46,532.05,2,7,4
651,141,Jacket,Clothing,2023-01-16 03:46:31,2023-01-23 03:46:31,38.23,5,11,1
652,130,Jacket,Clothing,2023-01-18 07:02:29,2023-01-24 07:02:29,87.71,4,15,5
653,106,T-shirt,Clothing,2023-01-31 16:12:35,2023-02-02 16:12:35,288.9,1,1,3
654,104,Dress,Clothing,2023-01-01 22:55:33,2023-01-08 22:55:33,773.95,3,7,3
655,109,Dumbbell,Sports,2023-01-27 23:07:12,2023-02-02 23:07:12,458.31,4,16,4
656,119,Frankenstein,Books,2023-01-24 15:26:17,2023-01-26 15:26:17,865.05,4,5,5
657,138,Foundation,Beauty,2023-01-03 00:27:24,2023-01-07 00:27:24,835.12,2,4,2
658,118,Table,Home,2023-01-11 09:36:43,2023-01-17 09:36:43,899.79,3,18,2
659,128,Smartwatch,Electronics,2023-01-18 00:48:13,2023-01-22 00:48:13,441.31,3,13,2
660,149,Chair,Home,2023-01-08 19:33:26,2023-01-09 19:33:26,521.97,3,11,3
661,101,Dracula,Books,2023-01-13 15:06:27,2023-01-14 15:06:27,740.64,1,7,5
662,136,Perfume,Beauty,2023-01-25 13:19:41,2023-02-01 13:19:41,392.1,5,11,4
663,105,Football,Sports,2023-01-15 10:16:59,2023-01-18 10:16:59,491.08,3,20,5
664,137,Smartphone,Electronics,2023-01-01 20:53:32,2023-01-04 20:53:32,80.43,5,0,1
665,107,Dumbbell,Sports,2023-01-05 17:16:59,2023-01-10 17:16:59,494.3,2,5,1
666,142,Running Shoes,Sports,2023-01-16 18:19:59,2023-01-19 18:19:59,935.71,5,3,5
667,100,Ulysses,Books,2023-01-26 16:14:54,2023-01-30 16:14:54,988.39,3,3,5
668,137,Wax,Automotive,2023-01-09 01:53:48,2023-01-15 01:53:48,964.99,4,11,5
669,133,Tennis Racket,Sports,2023-01-25 07:15:40,2023-01-27 07:15:40,220.11,2,17,5
670,128,Lego,Toys,2023-01-24 01:55:41,2023-01-27 01:55:41,543.4,2,8,3
671,118,Nail polish,Beauty,2023-01-19 19:34:52,2023-01-22 19:34:52,383.64,2,17,4
672,129,Tablet,Electronics,2023-01-11 20:21:54,2023-01-16 20:21:54,450.68,3,0,1
673,107,Lego,Toys,2023-01-22 07:21:25,2023-01-24 07:21:25,753.08,5,18,5
674,120,Tablet,Electronics,2023-01-12 15:40:34,,345.11,2,19,4
675,150,Lego,Toys,2023-01-10 20:24:53,2023-01-16 20:24:53,363.44,4,1,5
676,106,Wheel Cleaner,Automotive,2023-01-01 09:05:35,2023-01-07 09:05:35,867.65,5,14,5
677,140,Sofa,Home,2023-01-10 04:03:55,2023-01-17 04:03:55,222.22,4,14,5
678,144,Wheel Cleaner,Automotive,2023-01-12 18:19:46,2023-01-15 18:19:46,20.95,5,1,3
679,106,Headphones,Electronics,2023-01-18 01:06:28,,319.66,5,19,3
680,133,Dracula,Books,2023-01-29 22:36:51,2023-02-05 22:36:51,365.37,5,14,1
681,135,Sofa,Home,2023-01-17 06:06:00,2023-01-19 06:06:00,275.35,3,19,5
682,149,Table,Home,2023-01-01 11:03:40,2023-01-04 11:03:40,236.07,3,3,3
683,137,Nail polish,Beauty,2023-01-10 02:38:53,2023-01-15 02:38:53,287.89,3,11,1
684,114,Jeans,Clothing,2023-01-13 12:47:01,2023-01-20 12:47:01,170.66,1,7,3
685,107,Oil,Automotive,2023-01-28 06:01:54,2023-02-01 06:01:54,542.81,2,2,3
686,112,Beloved,Books,2023-01-01 14:38:46,2023-01-03 14:38:46,417.75,2,4,5
687,140,Nail polish,Beauty,2023-01-15 14:48:36,2023-01-20 14:48:36,70.34,2,12,5
688,123,Wheel Cleaner,Automotive,2023-01-07 16:18:56,2023-01-10 16:18:56,834.82,4,19,3
689,119,Tablet,Electronics,2023-01-29 23:52:13,2023-02-05 23:52:13,900.53,2,19,1
690,117,Chair,Home,2023-01-17 00:57:02,2023-01-20 00:57:02,236.07,2,7,1
691,112,Jeans,Clothing,2023-01-24 00:30:39,,901.21,4,19,2
692,102,Laptop,Electronics,2023-01-16 21:06:15,,757.75,3,3,3
693,109,Nail polish,Beauty,2023-01-25 01:25:12,2023-01-26 01:25:12,584.55,5,7,5
694,142,Car Freshener,Automotive,2023-01-30 11:30:38,2023-02-04 11:30:38,826.22,5,9,3
695,141,Action Figure,Toys,2023-01-06 09:01:00,2023-01-12 09:01:00,929.21,4,4,4
696,119,Lipstick,Beauty,2023-01-02 08:41:35,2023-01-09 08:41:35,366.27,1,2,4
697,139,Dune,Books,2023-01-20 08:19:24,2023-01-21 08:19:24,877.92,3,20,1
698,119,Board Game,Toys,2023-01-03 21:38:39,2023-01-07 21:38:39,731.31,4,20,1
699,130,Tennis Racket,Sports,2023-01-17 19:36:48,2023-01-18 19:36:48,480.85,2,11,3
700,144,Beloved,Books,2023-01-03 21:49:03,2023-01-04 21:49:03,828.11,1,1,5
701,112,Laptop,Electronics,2023-01-13 07:34:40,2023-01-15 07:34:40,684.43,3,7,2
702,131,Beloved,Books,2023-01-10 11:00:54,2023-01-13 11:00:54,592.21,4,19,5
703,150,Dune,Books,2023-01-25 08:43:59,2023-01-31 08:43:59,230.61,3,17,5
704,102,Lego,Toys,2023-01-20 09:50:37,2023-01-21 09:50:37,494.98,5,19,1
705,107,Tablet,Electronics,2023-01-27 09:50:52,2023-01-31 09:50:52,252.4,5,7,2
706,121,Wheel Cleaner,Automotive,2023-01-02 05:13:12,2023-01-06 05:13:12,377.95,4,9,1
707,119,Perfume,Beauty,2023-01-28 07:09:00,2023-02-04 07:09:00,653.32,5,12,3
708,117,Dracula,Books,2023-01-06 03:43:14,2023-01-13 03:43:14,244.67,3,6,1
709,131,Jacket,Clothing,2023-01-25 21:42:43,,263.17,3,4,1
710,142,Lamp,Home,2023-01-30 03:24:08,,177.84,2,6,3
711,142,Chair,Home,2023-01-05 09:57:50,2023-01-06 09:57:50,250.95,5,20,4
712,138,Dress,Clothing,2023-01-14 06:18:23,2023-01-21 06:18:23,89.42,2,14,2
713,144,Foundation,Beauty,2023-01-22 16:08:53,,573.62,4,12,2
714,144,Wax,Automotive,2023-01-28 07:42:20,2023-02-03 07:42:20,651.99,2,18,4
715,112,Swimsuit,Sports,2023-01-29 17:32:05,2023-02-02 17:32:05,703.65,2,2,2
716,119,Nail polish,Beauty,2023-01-29 00:33:58,2023-02-01 00:33:58,333.32,1,15,4
717,122,Sofa,Home,2023-01-13 16:48:01,2023-01-14 16:48:01,30.89,5,14,4
718,118,T-shirt,Clothing,2023-01-04 21:46:19,2023-01-07 21:46:19,398.83,4,0,5
719,104,Foundation,Beauty,2023-01-11 12:54:11,2023-01-16 12:54:11,147.44,4,17,1
720,143,Sofa,Home,2023-01-19 04:20:46,2023-01-22 04:20:46,207.72,1,14,4
721,112,Eyeliner,Beauty,2023-01-21 14:56:25,2023-01-22 14:56:25,57.13,1,15,3
722,149,Dracula,Books,2023-01-15 08:16:54,,71.91,1,6,2
723,116,Smartphone,Electronics,2023-01-28 03:18:25,2023-02-03 03:18:25,770.12,1,20,4
724,149,Jeans,Clothing,2023-01-23 18:37:30,2023-01-24 18:37:30,697.67,5,16,3
725,119,Headphones,Electronics,2023-01-27 18:56:06,2023-02-01 18:56:06,359.13,2,5,5
726,131,Board Game,Toys,2023-01-31 23:03:20,2023-02-07 23:03:20,125.15,4,10,2
727,137,Lego,Toys,2023-01-05 01:27:05,,207.92,3,6,1
728,108,Perfume,Beauty,2023-01-06 21:40:36,2023-01-09 21:40:36,747.69,2,20,5
729,132,Oil,Automotive,2023-01-06 09:08:24,2023-01-09 09:08:24,82.36,3,3,2
730,146,Jeans,Clothing,2023-01-21 11:17:47,2023-01-23 11:17:47,440.16,2,20,4
731,121,Oil,Automotive,2023-01-08 22:00:06,2023-01-11 22:00:06,492.77,4,12,5
732,136,Chair,Home,2023-01-25 15:32:25,2023-01-26 15:32:25,490.93,3,7,2
733,143,Tennis Racket,Sports,2023-01-30 06:52:37,2023-02-06 06:52:37,604.37,1,1,2
734,148,Wax,Automotive,2023-01-19 04:17:54,2023-01-23 04:17:54,20.8,1,5,4
735,136,Tennis Racket,Sports,2023-01-24 22:49:46,,479.64,4,7,1
736,127,Frankenstein,Books,2023-01-27 14:17:26,2023-01-30 14:17:26,348.67,2,7,1
737,118,Running Shoes,Sports,2023-01-02 18:30:32,2023-01-04 18:30:32,670.23,5,11,3
738,148,Perfume,Beauty,2023-01-29 10:16:41,2023-02-01 10:16:41,494.74,1,18,5
739,143,Blender,Home,2023-01-09 01:00:21,2023-01-13 01:00:21,616.78,1,5,1
740,113,Tennis Racket,Sports,2023-01-06 23:47:52,2023-01-13 23:47:52,224.1,4,14,1
741,126,Doll,Toys,2023-01-20 05:08:59,2023-01-21 05:08:59,864.57,3,20,3
742,122,Chair,Home,2023-01-03 09:12:09,2023-01-09 09:12:09,155.43,1,9,4
743,113,Dress,Clothing,2023-01-14 21:50:21,,173.91,5,0,5
744,140,Swimsuit,Sports,2023-01-20 14:34:56,2023-01-27 14:34:56,311.37,4,3,2
745,146,Laptop,Electronics,2023-01-12 07:43:13,2023-01-19 07:43:13,533.98,2,1,2
746,144,Laptop,Electronics,2023-01-17 00:31:10,2023-01-20 00:31:10,832.92,1,16,2
747,138,Tablet,Electronics,2023-01-19 09:56:56,,921.4,5,1,4
748,109,Sofa,Home,2023-01-25 10:10:16,2023-01-31 10:10:16,99.64,4,1,1
749,113,Ulysses,Books,2023-01-07 02:02:32,2023-01-10 02:02:32,69.0,4,16,4
750,121,Car Freshener,Automotive,2023-01-07 01:23:15,2023-01-09 01:23:15,127.59,1,4,5
751,125,Board Game,Toys,2023-01-25 11:08:45,2023-01-26 11:08:45,842.8,5,17,5
752,123,Blender,Home,2023-01-23 14:56:51,2023-01-30 14:56:51,766.14,3,14,5
753,133,Beloved,Books,2023-01-30 22:06:39,2023-02-02 22:06:39,690.38,3,12,3
754,109,Sofa,Home,2023-01-13 12:15:51,2023-01-17 12:15:51,399.0,1,7,3
755,150,Ulysses,Books,2023-01-12 12:56:40,2023-01-13 12:56:40,120.73,5,20,3
756,111,Dune,Books,2023-01-23 02:43:29,,608.98,4,4,4
757,138,Jacket,Clothing,2023-01-24 07:21:10,2023-01-28 07:21:10,587.45,4,9,3
758,120,Blender,Home,2023-01-23 06:32:58,2023-01-25 06:32:58,733.73,4,8,2
759,126,Chair,Home,2023-01-11 09:31:56,2023-01-12 09:31:56,943.75,1,14,4
760,139,Board Game,Toys,2023-01-11 22:50:29,2023-01-14 22:50:29,530.19,1,6,3
761,131,Wax,Automotive,2023-01-16 12:27:56,2023-01-23 12:27:56,425.88,2,8,4
762,101,Swimsuit,Sports,2023-01-17 12:25:45,2023-01-21 12:25:45,826.68,5,18,3
763,107,Dress,Clothing,2023-01-30 04:56:11,2023-02-04 04:56:11,852.76,3,12,2
764,144,Chair,Home,2023-01-27 14:47:21,2023-02-02 14:47:21,174.39,5,5,3
765,131,Swimsuit,Sports,2023-01-09 20:57:32,2023-01-13 20:57:32,838.02,1,4,5
766,131,Car Freshener,Automotive,2023-01-04 10:54:04,2023-01-05 10:54:04,566.75,5,6,4
767,110,Nail polish,Beauty,2023-01-01 14:12:14,2023-01-08 14:12:14,163.56,1,12,4
768,132,Lego,Toys,2023-01-02 22:50:18,2023-01-07 22:50:18,964.96,2,9,2
769,124,Table,Home,2023-01-08 21:56:30,2023-01-12 21:56:30,889.1,1,3,3
770,120,Eyeliner,Beauty,2023-01-15 13:25:46,2023-01-16 13:25:46,693.23,3,12,4
771,129,Jeans,Clothing,2023-01-21 15:02:16,2023-01-22 15:02:16,803.42,5,10,3
772,111,Football,Sports,2023-01-30 11:44:42,2023-02-02 11:44:42,469.86,4,16,5
773,136,Puzzle,Toys,2023-01-10 09:44:41,2023-01-16 09:44:41,423.92,4,9,4
774,104,Foundation,Beauty,2023-01-20 01:48:40,2023-01-23 01:48:40,116.02,5,9,3
775,109,T-shirt,Clothing,2023-01-19 17:16:20,2023-01-23 17:16:20,399.37,1,7,3
776,107,Laptop,Electronics,2023-01-02 10:42:54,,848.33,2,2,4
777,136,Lego,Toys,2023-01-03 12:59:49,2023-01-05 12:59:49,80.36,3,2,2
778,149,Smartphone,Electronics,2023-01-20 16:15:36,2023-01-22 16:15:36,650.83,2,20,5
779,105,Lego,Toys,2023-01-13 04:23:24,2023-01-19 04:23:24,872.56,4,16,2
780,133,Oil,Automotive,2023-01-26 13:19:01,2023-02-01 13:19:01,87.92,1,10,3
781,144,Eyeliner,Beauty,2023-01-16 18:47:34,2023-01-19 18:47:34,150.06,5,1,4
782,135,Jacket,Clothing,2023-01-16 02:35:27,2023-01-19 02:35:27,436.9,5,0,3
783,113,Jeans,Clothing,2023-01-02 01:37:05,2023-01-04 01:37:05,573.63,4,3,2
784,118,Action Figure,Toys,2023-01-04 16:30:50,2023-01-10 16:30:50,649.74,5,19,4
785,122,Table,Home,2023-01-30 22:09:12,2023-02-03 22:09:12,796.77,3,2,5
786,118,Dune,Books,2023-01-17 09:39:28,2023-01-18 09:39:28,292.57,1,15,1
787,116,Shoes,Clothing,2023-01-13 15:25:15,2023-01-15 15:25:15,885.15,3,7,1
788,146,Dune,Books,2023-01-23 13:50:05,2023-01-28 13:50:05,678.5,5,10,5
789,149,Oil,Automotive,2023-01-28 04:55:31,2023-02-04 04:55:31,402.42,5,18,1
790,130,Dumbbell,Sports,2023-01-09 12:13:08,2023-01-15 12:13:08,177.9,2,10,1
791,120,Board Game,Toys,2023-01-29 01:18:28,2023-02-01 01:18:28,79.15,5,10,5
792,120,Chair,Home,2023-01-12 02:55:43,2023-01-15 02:55:43,147.34,2,7,1
793,148,Sofa,Home,2023-01-07 20:32:30,2023-01-12 20:32:30,24.81,1,1,3
794,150,Chair,Home,2023-01-10 06:05:54,2023-01-14 06:05:54,732.82,3,15,5
795,113,Blender,Home,2023-01-18 15:51:45,2023-01-22 15:51:45,123.08,2,13,5
796,129,Lipstick,Beauty,2023-01-18 11:22:41,2023-01-25 11:22:41,563.83,5,16,1
797,105,Board Game,Toys,2023-01-13 17:04:36,2023-01-15 17:04:36,64.87,5,15,3
798,148,Eyeliner,Beauty,2023-01-14 07:09:26,,966.56,4,1,4
799,143,Dumbbell,Sports,2023-01-02 12:55:21,2023-01-03 12:55:21,172.17,5,18,3
800,118,T-shirt,Clothing,2023-01-02 11:58:45,2023-01-09 11:58:45,844.5,2,11,4
801,109,Action Figure,Toys,2023-01-27 15:20:08,2023-01-28 15:20:08,731.43,4,0,2
802,108,Nail polish,Beauty,2023-01-23 19:13:45,2023-01-27 19:13:45,74.73,3,9,2
803,103,Dracula,Books,2023-01-21 16:32:36,2023-01-22 16:32:36,776.37,1,1,2
804,142,Laptop,Electronics,2023-01-26 07:15:22,2023-01-28 07:15:22,887.27,1,11,5
805,134,Puzzle,Toys,2023-01-24 18:40:04,2023-01-27 18:40:04,372.68,2,13,3
806,103,Dumbbell,Sports,2023-01-03 04:19:17,2023-01-10 04:19:17,21.82,1,15,3
807,143,Lipstick,Beauty,2023-01-07 23:41:44,2023-01-11 23:41:44,229.5,5,10,1
808,116,Table,Home,2023-01-28 22:55:50,2023-01-31 22:55:50,319.35,2,17,1
809,112,Ulysses,Books,2023-01-13 17:02:25,2023-01-16 17:02:25,837.54,5,4,2
810,110,Eyeliner,Beauty,2023-01-19 23:03:32,2023-01-22 23:03:32,822.36,3,11,4
811,121,Swimsuit,Sports,2023-01-28 09:31:37,2023-01-29 09:31:37,582.02,2,5,4
812,146,Board Game,Toys,2023-01-02 17:01:31,2023-01-09 17:01:31,757.06,3,0,3
813,127,Ulysses,Books,2023-01-25 17:30:16,2023-01-29 17:30:16,158.16,1,19,1
814,114,Oil,Automotive,2023-01-12 16:41:27,2023-01-19 16:41:27,354.24,1,20,3
815,137,Headphones,Electronics,2023-01-27 03:25:46,2023-01-30 03:25:46,205.34,5,9,2
816,147,Perfume,Beauty,2023-01-21 21:09:31,2023-01-26 21:09:31,107.18,3,7,5
817,134,Puzzle,Toys,2023-01-21 21:19:12,2023-01-25 21:19:12,36.74,2,12,3
818,139,Smartwatch,Electronics,2023-01-04 00:04:48,2023-01-10 00:04:48,999.46,2,7,2
819,133,Eyeliner,Beauty,2023-01-25 05:31:06,2023-01-29 05:31:06,60.02,1,2,4
820,112,Eyeliner,Beauty,2023-01-18 19:59:23,2023-01-22 19:59:23,188.51,5,7,2
821,142,Nail polish,Beauty,2023-01-05 08:36:52,2023-01-12 08:36:52,164.21,3,14,5
822,142,Oil,Automotive,2023-01-07 22:39:08,2023-01-10 22:39:08,728.22,3,1,2
823,124,Tennis Racket,Sports,2023-01-10 02:39:34,2023-01-15 02:39:34,44.72,5,3,5
824,126,Action Figure,Toys,2023-01-06 12:50:04,2023-01-08 12:50:04,435.24,2,0,1
825,104,Dress,Clothing,2023-01-16 18:42:00,2023-01-18 18:42:00,939.14,4,15,3
826,102,Table,Home,2023-01-29 11:10:33,,378.71,2,2,5
827,112,Football,Sports,2023-01-18 10:00:35,2023-01-24 10:00:35,324.17,5,2,2
828,123,Dune,Books,2023-01-23 23:32:09,2023-01-29 23:32:09,473.93,5,18,1
829,109,Running Shoes,Sports,2023-01-01 02:53:52,2023-01-08 02:53:52,207.39,1,17,1
830,115,Board Game,Toys,2023-01-05 07:22:16,2023-01-12 07:22:16,477.77,5,2,4
831,126,Smartphone,Electronics,2023-01-18 04:20:37,2023-01-23 04:20:37,711.05,4,18,1
832,132,Dumbbell,Sports,2023-01-09 04:12:03,2023-01-15 04:12:03,532.66,1,19,3
833,110,Jacket,Clothing,2023-01-01 05:35:24,2023-01-04 05:35:24,632.05,1,13,3
834,124,Wheel Cleaner,Automotive,2023-01-15 17:51:02,2023-01-17 17:51:02,168.67,2,10,2
835,108,Blender,Home,2023-01-05 13:24:32,2023-01-09 13:24:32,59.94,4,17,4
836,106,Smartwatch,Electronics,2023-01-13 09:21:19,2023-01-20 09:21:19,373.48,3,19,4
837,105,Smartphone,Electronics,2023-01-26 10:56:15,2023-01-31 10:56:15,44.74,1,12,2
838,128,Dumbbell,Sports,2023-01-12 12:16:22,2023-01-15 12:16:22,675.81,4,7,4
839,135,Car Freshener,Automotive,2023-01-13 08:20:26,2023-01-19 08:20:26,127.18,3,20,1
840,110,Foundation,Beauty,2023-01-30 13:16:54,2023-02-01 13:16:54,89.06,4,4,1
841,113,Table,Home,2023-01-07 06:47:08,2023-01-10 06:47:08,298.91,4,19,5
842,136,Foundation,Beauty,2023-01-13 11:41:48,2023-01-16 11:41:48,903.76,5,4,5
843,132,Lego,Toys,2023-01-07 12:18:02,2023-01-11 12:18:02,192.55,4,13,1
844,105,Lipstick,Beauty,2023-01-10 13:29:29,2023-01-16 13:29:29,963.56,2,12,5
845,113,Puzzle,Toys,2023-01-18 20:20:52,2023-01-22 20:20:52,959.17,4,3,2
846,143,Dress,Clothing,2023-01-20 05:00:03,2023-01-26 05:00:03,13.03,5,1,3
847,115,Beloved,Books,2023-01-13 11:02:42,2023-01-16 11:02:42,114.97,2,0,3
848,147,Wheel Cleaner,Automotive,2023-01-09 04:53:04,2023-01-14 04:53:04,328.72,1,0,1
849,121,Eyeliner,Beauty,2023-01-23 02:42:40,2023-01-30 02:42:40,186.28,2,8,5
850,112,Headphones,Electronics,2023-01-28 13:50:34,2023-02-04 13:50:34,800.05,1,2,4
851,100,Nail polish,Beauty,2023-01-04 20:15:57,2023-01-08 20:15:57,309.81,5,19,2
852,100,Dress,Clothing,2023-01-31 21:42:34,2023-02-06 21:42:34,922.46,2,7,4
853,133,Laptop,Electronics,2023-01-03 14:24:04,2023-01-05 14:24:04,997.17,5,3,4
854,125,Shoes,Clothing,2023-01-29 22:55:44,2023-01-30 22:55:44,435.76,1,11,1
855,112,T-shirt,Clothing,2023-01-29 12:43:37,2023-02-05 12:43:37,965.84,4,18,1
856,136,Foundation,Beauty,2023-01-23 12:40:00,,251.5,5,15,1
857,135,Table,Home,2023-01-22 22:57:36,2023-01-28 22:57:36,831.79,3,15,3
858,103,Oil,Automotive,2023-01-19 19:48:33,2023-01-22 19:48:33,302.18,4,19,1
859,132,Shoes,Clothing,2023-01-16 08:04:36,2023-01-17 08:04:36,321.21,5,8,3
860,137,Table,Home,2023-01-14 06:01:20,,438.83,3,1,2
861,124,Table,Home,2023-01-27 17:14:43,2023-01-30 17:14:43,81.77,5,3,4
862,114,Lego,Toys,2023-01-07 17:14:17,2023-01-10 17:14:17,624.67,5,5,2
863,101,Shoes,Clothing,2023-01-30 16:38:33,2023-02-04 16:38:33,627.46,2,8,1
864,117,Jacket,Clothing,2023-01-02 05:39:48,2023-01-06 05:39:48,277.53,4,4,3
865,150,Headphones,Electronics,2023-01-18 17:59:08,2023-01-21 17:59:08,602.26,3,12,2
866,144,Dracula,Books,2023-01-24 20:57:24,2023-01-25 20:57:24,874.12,4,9,1
867,139,Wax,Automotive,2023-01-21 17:12:14,2023-01-28 17:12:14,269.26,2,1,5
868,117,Board Game,Toys,2023-01-06 02:50:00,2023-01-09 02:50:00,662.99,5,11,3
869,124,T-shirt,Clothing,2023-01-13 07:50:14,,18.71,1,5,1
870,116,T-shirt,Clothing,2023-01-01 02:21:58,2023-01-08 02:21:58,51.77,2,7,4
871,138,Blender,Home,2023-01-24 22:51:53,2023-01-30 22:51:53,133.08,3,8,3
872,138,Lego,Toys,2023-01-20 12:16:41,2023-01-21 12:16:41,11.92,3,7,1
873,118,Tennis Racket,Sports,2023-01-18 20:48:39,2023-01-20 20:48:39,623.66,5,17,5
874,124,Perfume,Beauty,2023-01-30 01:31:15,2023-02-06 01:31:15,726.14,1,20,4
875,141,Eyeliner,Beauty,2023-01-02 16:39:36,2023-01-05 16:39:36,771.94,5,19,2
876,101,Dress,Clothing,2023-01-10 18:37:56,,609.92,3,13,2
877,124,Smartphone,Electronics,2023-01-29 13:53:03,2023-02-02 13:53:03,306.07,4,16,2
878,149,Ulysses,Books,2023-01-29 01:37:44,2023-02-04 01:37:44,983.77,4,16,1
879,123,Tablet,Electronics,2023-01-07 23:43:00,2023-01-14 23:43:00,125.16,2,5,2
880,107,Chair,Home,2023-01-12 05:23:00,2023-01-16 05:23:00,411.62,1,14,5
881,140,Football,Sports,2023-01-01 14:52:51,2023-01-06 14:52:51,563.03,5,12,1
882,130,Table,Home,2023-01-31 16:24:23,2023-02-06 16:24:23,380.15,2,6,2
883,134,Dune,Books,2023-01-24 21:11:26,2023-01-25 21:11:26,348.15,3,16,1
884,135,Lamp,Home,2023-01-25 08:02:02,,633.8,3,17,1
885,109,T-shirt,Clothing,2023-01-29 09:23:54,2023-01-30 09:23:54,679.4,1,5,5
886,130,Seat Cover,Automotive,2023-01-13 11:51:59,2023-01-18 11:51:59,651.96,3,18,4
887,124,Nail polish,Beauty,2023-01-22 15:03:14,2023-01-29 15:03:14,150.04,2,10,2
888,107,Chair,Home,2023-01-11 18:14:53,2023-01-12 18:14:53,52.96,3,11,2
889,111,Football,Sports,2023-01-22 18:41:27,2023-01-27 18:41:27,930.84,3,14,2
890,110,Lipstick,Beauty,2023-01-04 23:31:15,2023-01-09 23:31:15,497.84,4,0,1
891,150,Foundation,Beauty,2023-01-24 11:00:14,,113.85,1,1,2
892,105,Lipstick,Beauty,2023-01-18 13:34:28,2023-01-20 13:34:28,728.0,3,19,2
893,136,Jeans,Clothing,2023-01-19 09:00:54,2023-01-25 09:00:54,741.84,1,5,2
894,135,Dracula,Books,2023-01-27 07:40:36,2023-02-03 07:40:36,301.59,4,19,5
895,128,Running Shoes,Sports,2023-01-05 04:43:24,2023-01-06 04:43:24,161.66,4,1,5
896,149,Oil,Automotive,2023-01-11 18:41:32,2023-01-18 18:41:32,125.46,1,11,1
897,132,Board Game,Toys,2023-01-16 10:38:12,2023-01-19 10:38:12,968.87,2,2,4
898,145,Lego,Toys,2023-01-02 13:29:20,2023-01-09 13:29:20,493.13,2,0,3
899,105,Jeans,Clothing,2023-01-05 16:15:43,2023-01-11 16:15:43,456.54,2,5,4
900,148,Doll,Toys,2023-01-04 17:19:20,2023-01-06 17:19:20,828.5,3,15,3
901,150,Headphones,Electronics,2023-01-25 09:00:42,2023-02-01 09:00:42,412.54,4,5,3
902,108,Puzzle,Toys,2023-01-15 14:40:41,2023-01-19 14:40:41,694.34,3,16,2
903,128,Laptop,Electronics,2023-01-21 02:30:38,2023-01-25 02:30:38,694.24,2,0,5
904,137,Wax,Automotive,2023-01-06 11:39:16,2023-01-12 11:39:16,731.84,4,5,5
905,109,Jeans,Clothing,2023-01-14 01:13:26,2023-01-19 01:13:26,418.47,4,12,5
906,107,Seat Cover,Automotive,2023-01-29 20:27:44,2023-02-02 20:27:44,460.66,3,1,5
907,102,Lamp,Home,2023-01-20 14:02:42,2023-01-23 14:02:42,275.55,5,14,2
908,116,Wax,Automotive,2023-01-17 18:17:04,2023-01-21 18:17:04,521.31,1,1,2
909,124,Nail polish,Beauty,2023-01-06 08:50:41,2023-01-09 08:50:41,851.66,5,18,2
910,119,Puzzle,Toys,2023-01-25 10:20:00,2023-01-27 10:20:00,998.29,2,13,1
911,123,T-shirt,Clothing,2023-01-08 08:55:47,,205.48,4,17,1
912,102,Table,Home,2023-01-31 08:08:40,2023-02-03 08:08:40,432.4,5,0,1
913,140,Foundation,Beauty,2023-01-14 20:52:39,,780.22,3,7,3
914,131,Dune,Books,2023-01-14 03:17:43,2023-01-18 03:17:43,684.82,1,6,1
915,110,Beloved,Books,2023-01-09 20:20:15,2023-01-11 20:20:15,454.48,4,4,5
916,124,Football,Sports,2023-01-14 12:08:30,,380.43,4,8,1
917,107,Frankenstein,Books,2023-01-28 14:24:30,2023-01-30 14:24:30,731.09,5,17,4
918,149,Wax,Automotive,2023-01-26 16:53:28,2023-01-30 16:53:28,980.18,5,6,3
919,121,Blender,Home,2023-01-17 02:58:02,,541.99,2,17,1
920,123,Ulysses,Books,2023-01-20 07:28:37,2023-01-25 07:28:37,551.03,5,0,5
921,116,Sofa,Home,2023-01-05 17:26:47,2023-01-09 17:26:47,718.99,2,6,2
922,110,Ulysses,Books,2023-01-07 12:33:30,2023-01-10 12:33:30,531.97,2,0,2
923,105,Running Shoes,Sports,2023-01-04 16:05:39,2023-01-06 16:05:39,297.71,4,9,5
924,125,Oil,Automotive,2023-01-17 19:42:41,2023-01-19 19:42:41,57.11,4,13,4
925,146,Board Game,Toys,2023-01-10 11:59:46,2023-01-13 11:59:46,120.57,3,13,2
926,132,Swimsuit,Sports,2023-01-17 14:51:45,2023-01-20 14:51:45,375.76,3,7,4
927,112,Puzzle,Toys,2023-01-09 07:12:51,,662.49,1,12,2
928,148,Tablet,Electronics,2023-01-18 21:17:17,2023-01-19 21:17:17,160.1,2,9,2
929,115,Smartwatch,Electronics,2023-01-23 16:49:11,2023-01-28 16:49:11,504.17,3,2,3
930,102,Perfume,Beauty,2023-01-20 09:40:26,,388.63,1,4,2
931,119,Dress,Clothing,2023-01-23 08:17:14,2023-01-26 08:17:14,750.8,1,12,2
932,124,Oil,Automotive,2023-01-24 18:04:19,2023-01-27 18:04:19,116.76,1,11,3
933,126,Nail polish,Beauty,2023-01-17 16:33:35,,572.01,2,20,3
934,103,Running Shoes,Sports,2023-01-27 01:21:31,,112.26,2,15,2
935,103,Nail polish,Beauty,2023-01-20 23:48:50,2023-01-27 23:48:50,680.03,4,19,4
936,130,Nail polish,Beauty,2023-01-24 06:36:38,2023-01-25 06:36:38,551.06,1,10,5
937,124,Lamp,Home,2023-01-03 16:25:14,2023-01-05 16:25:14,460.98,3,1,4
938,147,Action Figure,Toys,2023-01-16 01:35:31,,328.76,3,11,3
939,149,Car Freshener,Automotive,2023-01-29 04:13:42,2023-02-04 04:13:42,959.78,4,3,1
940,140,Oil,Automotive,2023-01-26 10:31:23,2023-01-28 10:31:23,159.61,3,0,3
941,116,Blender,Home,2023-01-29 23:27:02,2023-02-03 23:27:02,134.99,5,11,1
942,114,Doll,Toys,2023-01-23 23:24:03,2023-01-30 23:24:03,614.61,1,10,5
943,101,Perfume,Beauty,2023-01-21 11:44:48,2023-01-25 11:44:48,872.58,3,7,4
944,110,Beloved,Books,2023-01-26 06:34:09,2023-02-01 06:34:09,340.44,5,8,5
945,132,Beloved,Books,2023-01-19 22:45:11,,180.01,4,14,3
946,113,Lamp,Home,2023-01-14 06:29:45,2023-01-17 06:29:45,913.36,4,10,5
947,129,Chair,Home,2023-01-02 04:06:21,2023-01-04 04:06:21,530.04,4,3,2
948,106,Action Figure,Toys,2023-01-02 09:18:17,2023-01-08 09:18:17,182.95,3,12,3
949,129,Beloved,Books,2023-01-09 03:09:24,2023-01-16 03:09:24,462.7,5,6,5
950,110,Sofa,Home,2023-01-02 06:57:48,2023-01-04 06:57:48,390.91,5,0,2
951,103,Swimsuit,Sports,2023-01-15 07:00:35,2023-01-19 07:00:35,630.77,2,1,3
952,116,Frankenstein,Books,2023-01-24 14:09:36,2023-01-26 14:09:36,58.82,1,1,4
953,112,Table,Home,2023-01-30 08:48:41,2023-02-02 08:48:41,937.78,1,18,1
954,135,Lego,Toys,2023-01-16 22:25:53,2023-01-20 22:25:53,161.79,2,12,5
955,114,Wax,Automotive,2023-01-09 06:10:18,2023-01-13 06:10:18,560.78,4,13,5
956,101,Nail polish,Beauty,2023-01-21 18:49:42,,999.3,4,18,5
957,108,Lego,Toys,2023-01-19 17:16:40,2023-01-24 17:16:40,244.57,1,6,4
958,115,Tennis Racket,Sports,2023-01-20 23:09:15,2023-01-25 23:09:15,902.66,3,17,5
959,149,Perfume,Beauty,2023-01-13 10:20:55,2023-01-17 10:20:55,517.64,1,6,1
960,140,T-shirt,Clothing,2023-01-05 22:22:17,2023-01-12 22:22:17,468.91,1,2,1
961,130,Running Shoes,Sports,2023-01-25 23:25:24,2023-01-26 23:25:24,49.98,1,11,2
962,140,Lego,Toys,2023-01-24 16:18:59,2023-01-31 16:18:59,122.17,2,11,4
963,116,Ulysses,Books,2023-01-29 11:17:29,2023-01-31 11:17:29,241.46,5,10,4
964,132,Headphones,Electronics,2023-01-07 13:15:02,,795.46,2,8,4
965,127,Running Shoes,Sports,2023-01-04 07:53:58,2023-01-06 07:53:58,733.63,3,5,1
966,114,Dress,Clothing,2023-01-01 18:41:53,,131.8,2,6,3
967,150,Lipstick,Beauty,2023-01-12 09:27:35,2023-01-19 09:27:35,734.64,5,9,4
968,140,Dumbbell,Sports,2023-01-11 22:06:37,2023-01-16 22:06:37,324.95,4,16,1
969,104,Jeans,Clothing,2023-01-24 03:24:01,2023-01-27 03:24:01,291.07,4,9,2
970,118,Dumbbell,Sports,2023-01-14 04:54:03,2023-01-21 04:54:03,113.37,3,2,4
971,131,Jeans,Clothing,2023-01-14 02:19:50,2023-01-16 02:19:50,260.83,3,15,1
972,125,Perfume,Beauty,2023-01-05 11:30:11,2023-01-10 11:30:11,543.26,1,6,4
973,129,Jacket,Clothing,2023-01-04 04:45:20,2023-01-08 04:45:20,482.04,4,16,1
974,138,Seat Cover,Automotive,2023-01-13 02:02:10,2023-01-17 02:02:10,971.34,2,14,1
975,147,Sofa,Home,2023-01-06 17:53:42,2023-01-12 17:53:42,93.74,2,11,4
976,114,Swimsuit,Sports,2023-01-06 04:26:34,2023-01-07 04:26:34,813.51,4,20,5
977,105,Swimsuit,Sports,2023-01-05 19:46:36,2023-01-11 19:46:36,346.8,4,3,2
978,106,Lipstick,Beauty,2023-01-18 00:40:19,2023-01-22 00:40:19,187.9,4,17,2
979,126,Oil,Automotive,2023-01-07 01:25:25,2023-01-09 01:25:25,916.97,1,2,4
980,132,Laptop,Electronics,2023-01-04 11:49:22,2023-01-05 11:49:22,358.39,4,12,3
981,124,Eyeliner,Beauty,2023-01-06 10:01:55,2023-01-13 10:01:55,464.54,1,12,3
982,107,Foundation,Beauty,2023-01-28 10:16:22,2023-01-31 10:16:22,159.46,1,0,3
983,127,Running Shoes,Sports,2023-01-25 21:22:06,2023-01-28 21:22:06,108.52,3,17,3
984,148,Car Freshener,Automotive,2023-01-16 09:20:19,2023-01-21 09:20:19,861.13,2,12,1
985,103,Eyeliner,Beauty,2023-01-05 10:21:36,2023-01-10 10:21:36,902.54,1,7,2
986,100,Car Freshener,Automotive,2023-01-30 02:12:43,2023-02-06 02:12:43,992.18,1,19,3
987,103,Headphones,Electronics,2023-01-15 12:51:41,2023-01-20 12:51:41,197.95,2,13,3
988,134,Ulysses,Books,2023-01-27 02:19:54,2023-01-28 02:19:54,617.91,4,2,2
989,123,Foundation,Beauty,2023-01-28 05:32:09,2023-01-30 05:32:09,720.86,5,13,3
990,148,T-shirt,Clothing,2023-01-22 08:11:16,2023-01-28 08:11:16,424.95,5,1,1
991,126,Beloved,Books,2023-01-28 06:32:32,2023-02-04 06:32:32,342.66,4,14,1
992,100,Foundation,Beauty,2023-01-16 01:37:58,2023-01-19 01:37:58,10.3,3,17,2
993,100,Headphones,Electronics,2023-01-10 05:00:22,2023-01-14 05:00:22,865.27,5,7,5
994,148,Tennis Racket,Sports,2023-01-19 05:45:07,2023-01-21 05:45:07,303.42,1,19,4
995,120,Smartphone,Electronics,2023-01-26 00:15:54,2023-01-27 00:15:54,121.55,3,13,1
996,105,Chair,Home,2023-01-15 15:08:38,2023-01-20 15:08:38,440.47,3,17,1
997,127,Frankenstein,Books,2023-01-05 15:25:09,2023-01-08 15:25:09,911.67,2,17,1
998,139,Oil,Automotive,2023-01-22 22:05:27,2023-01-29 22:05:27,886.21,1,13,4
999,108,Running Shoes,Sports,2023-01-04 21:41:10,2023-01-09 21:41:10,475.18,4,2,2
1000,144,Lipstick,Beauty,2023-01-08 13:57:25,2023-01-10 13:57:25,95.06,3,0,3
